stem,0,1,2,3,4,5,6,7,8,9
1-1-2,626434,756665,447942,28216,0,0,36273,24470,0,0
10-10-2270,329580,958314,428968,36120,0,0,80818,86200,0,0
100-100-456,165565,965074,532829,55784,0,0,8952,125396,0,66400
100-100-6207,374174,1129222,387907,0,0,0,0,28697,0,0
1002-1057-5069,311466,693771,873332,0,0,0,0,41431,0,0
1003-1059-5075,389697,757525,684897,0,0,0,8792,79089,0,0
1005-1061-15405,312137,696583,748103,49889,0,0,72925,40363,0,0
1005-1061-5084,291887,1220954,369163,0,0,0,0,37996,0,0
1005-1061-6328,228587,1307462,319787,40046,0,0,0,24118,0,0
1005-1061-6330,384459,1210249,259220,40537,0,0,0,25535,0,0
1006-1062-19658,49753,694560,1120468,0,0,0,0,55219,0,0
1006-1062-5087,257205,879050,637956,9925,0,0,0,132652,0,3212
1006-1062-5765,26630,458201,1303528,49274,0,0,30469,33595,0,18303
1007-1063-5093,559583,1010823,234095,0,0,0,0,115499,0,0
1007-1063-5095,57300,964863,806062,0,0,0,0,91775,0,0
1008-1064-5099,394757,961563,551051,0,0,0,0,12629,0,0
1008-1064-5100,239123,919065,646768,0,0,0,11909,103135,0,0
1009-1065-5107,107282,633441,926201,3197,196111,0,0,53768,0,0
101-101-465,579137,957898,340858,0,0,0,0,28714,0,13393
1010-1066-5108,108126,1218155,472354,0,0,0,0,121365,0,0
1010-1066-5110,530563,843172,361063,58918,81438,0,26192,18654,0,0
1011-1067-5111,214839,1276624,359258,0,0,0,0,69279,0,0
1011-1067-7600,429343,808183,632539,0,0,0,0,49935,0,0
1011-1067-7601,356401,1032553,469158,0,0,0,0,61888,0,0
1013-1069-5120,67807,729294,1085981,0,0,0,0,36918,0,0
1014-1070-5123,522486,918324,417636,6838,0,0,0,54716,0,0
1015-1071-5130,59086,891993,710462,0,235662,0,0,22797,0,0
1015-1071-5136,135199,578378,751593,37899,377518,0,157,4516,0,34740
1016-1072-5138,783824,869362,259335,1429,0,0,0,6050,0,0
1017-1073-5144,470322,593119,763851,0,0,0,21865,70843,0,0
1017-1073-5145,470509,930789,412282,0,0,0,106420,0,0,0
1018-1074-5147,309290,967138,582165,0,0,0,0,61141,0,266
1019-1075-5150,411297,1298495,146179,0,0,0,0,64029,0,0
1019-1075-5151,412985,1216783,253413,0,0,0,0,36819,0,0
1020-1076-5155,413839,743360,666984,0,0,0,0,34222,0,61595
1021-1077-5158,539935,702974,653183,0,0,0,0,23908,0,0
1021-1077-5160,154814,1118610,629978,0,0,0,0,16598,0,0
1022-1078-5167,463565,948501,385302,0,0,0,26593,96039,0,0
1022-1078-6496,500042,860147,509028,0,0,0,0,50783,0,0
1022-1078-9605,218216,1045948,537830,48282,0,0,55341,14383,0,0
1023-1079-21395,449203,681110,662944,45360,0,0,81383,0,0,0
1023-1079-22071,477070,594342,764064,53860,0,0,6189,24475,0,0
1023-1079-6367,240348,715034,580854,139244,195265,0,49255,0,0,0
1023-1079-7301,73380,906507,803827,89332,0,0,43949,3005,0,0
1023-1079-7305,280599,531171,869641,32525,163079,0,0,42985,0,0
1024-1080-5170,201537,712395,714311,108641,0,0,128472,11823,0,42821
1024-1080-6380,26092,467674,1241542,96989,0,0,48754,0,0,38949
1025-1081-5182,399747,993531,405175,19827,0,0,48805,52915,0,0
1026-1082-5186,68937,1158458,564701,0,0,0,0,127904,0,0
1027-1083-5191,240072,812911,758632,63302,0,0,0,45083,0,0
1028-1084-5198,733540,833069,323628,0,0,0,0,29763,0,0
1029-1085-5201,142544,928001,783304,0,0,0,0,66151,0,0
1029-1085-5204,14473,661016,1198995,0,0,0,0,45516,0,0
1029-1085-6598,257617,940763,623541,37812,0,0,0,60267,0,0
1029-1085-6600,37880,626280,1181591,23241,0,0,0,51008,0,0
103-103-464,584048,300702,1024670,0,0,0,0,10580,0,0
1030-1086-5207,306961,1048054,466734,0,0,0,29752,68499,0,0
1031-1087-5213,33357,861408,962701,0,0,0,3208,59326,0,0
1031-1087-5216,67911,1025635,759288,0,0,0,23304,43862,0,0
1031-1087-5217,35694,876633,950219,0,0,0,2071,55207,0,176
1031-1087-5218,89637,1052500,645085,0,0,0,59889,72889,0,0
1032-1088-5221,355404,1072708,420353,0,0,0,0,71535,0,0
1033-1089-5222,515260,908583,464010,0,0,0,0,32147,0,0
1033-1089-5225,916845,649584,314849,0,0,0,0,38722,0,0
1035-1091-17570,230964,888182,736964,0,0,0,0,63890,0,0
1035-1091-17571,138491,836989,926738,0,0,0,0,17782,0,0
1036-1092-5236,208432,983926,638382,0,0,0,0,89260,0,0
1036-1092-5237,29366,741874,1055218,0,0,0,0,93542,0,0
1037-1093-5242,241630,754061,709591,18365,147239,0,0,49114,0,0
1038-1094-5247,883051,450804,407680,0,134479,0,0,43986,0,0
1039-1095-5251,240375,934375,667558,0,0,0,0,77692,0,0
1039-1095-6751,305192,857337,607871,46452,0,0,47023,56125,0,0
104-104-471,484283,647977,701904,0,0,0,0,66630,0,19206
1042-1098-5260,255262,1188557,395891,0,0,0,0,80290,0,0
1043-1099-5263,316140,830646,730464,0,0,0,0,42750,0,0
1044-1100-5266,198589,1184305,157030,49811,0,0,25326,74747,0,230192
1045-1101-5270,875497,711593,283759,0,0,0,0,49151,0,0
1045-1101-5273,434809,687788,726319,0,0,0,19774,51310,0,0
1046-1102-5286,183652,672907,925407,0,0,0,0,74637,0,63397
1047-1103-5289,297149,773398,638272,0,0,67446,35427,108308,0,0
1048-1104-5294,156031,1036603,648336,34499,0,0,11800,32731,0,0
1049-1105-5300,169574,1341063,352424,0,0,0,0,56939,0,0
105-105-478,266471,858610,425558,0,287003,0,0,46946,0,35412
105-105-480,317287,598831,731119,0,189616,0,619,82528,0,0
1050-1106-5304,662193,1060843,126227,0,0,0,0,70737,0,0
1050-1106-5305,54380,830328,976586,0,0,0,0,58706,0,0
1051-1107-5307,112726,956612,543624,77620,0,0,0,21554,0,207864
1051-1107-5308,73880,1053256,553532,9941,0,0,0,36396,0,192995
1052-1108-5310,423167,704465,718765,0,0,0,0,73603,0,0
1053-1109-5313,133950,1225830,485098,0,0,0,0,75122,0,0
1053-1109-5314,70068,1055071,723484,0,0,0,0,49612,0,21765
1055-1111-5320,296055,915549,684313,0,0,0,0,24083,0,0
1055-1111-7117,444014,781245,542995,74197,0,0,54192,23357,0,0
1055-1111-7119,714101,468975,613548,88586,0,0,34790,0,0,0
1055-1111-7134,209461,626023,904355,81383,0,0,98778,0,0,0
1056-1112-5324,434035,761874,494973,17431,69354,0,51423,53806,0,37104
1056-1112-5325,750239,809812,276827,14863,0,0,48063,20196,0,0
1056-1112-5326,287514,986899,562732,12973,0,0,38662,31220,0,0
1056-1112-5327,215451,908789,714601,12549,0,0,0,68610,0,0
1057-1113-5335,344776,922672,638247,0,0,0,0,14305,0,0
1058-1114-5338,57827,921350,815464,46935,0,0,49189,29235,0,0
106-106-483,45300,851745,857936,53160,0,0,74359,37500,0,0
1060-1116-5341,849215,596248,139614,0,163450,0,96023,75450,0,0
1061-1117-5342,171756,770929,880104,0,0,0,10904,86307,0,0
1061-1117-5343,629868,793709,422430,0,0,0,12775,61218,0,0
1061-1117-5344,754014,517554,570812,0,515,0,13668,63437,0,0
1061-1117-5346,720786,677367,437199,0,0,0,11432,73216,0,0
1062-1118-5357,207211,928883,721997,0,0,0,0,61909,0,0
1063-1119-5352,190256,1096639,570452,0,0,0,24483,38170,0,0
1064-1120-5356,431692,810276,627929,0,0,0,35204,14899,0,0
1064-1403-6630,503238,844948,465132,36662,0,0,14665,55355,0,0
1065-1121-5364,423101,1180184,246810,0,0,0,0,69905,0,0
1066-1122-5363,272445,331613,1202222,26719,0,0,87001,0,0,0
1067-1123-5365,55751,1032767,697236,0,0,0,0,134246,0,0
1068-1124-21923,434417,462454,955234,0,0,0,0,67895,0,0
1068-1124-36007,161137,419569,1287821,0,0,0,0,51473,0,0
1068-1124-80090,239805,646589,908280,0,41899,0,0,83427,0,0
1068-1124-9173,229270,929883,604202,65103,0,0,34686,39334,0,17522
1069-1125-5368,296094,738750,829073,0,0,0,0,56083,0,0
107-107-484,289444,1019015,477402,0,0,0,98992,35147,0,0
107-107-486,86854,807022,835539,0,0,0,125399,35477,0,29709
1070-1126-5370,213323,1050546,599344,0,0,0,0,56787,0,0
1071-1127-5928,261855,520033,1085603,52509,0,0,0,0,0,0
1071-1127-5930,241829,651842,951101,62337,0,0,0,12891,0,0
1071-1127-5931,305984,787817,765582,60617,0,0,0,0,0,0
1072-1128-5376,316725,631657,844519,33019,0,0,23719,70361,0,0
1073-1129-5380,13965,394765,1496267,0,0,0,0,15003,0,0
1073-1129-5381,735473,867620,213131,0,0,0,49218,54558,0,0
1074-1130-5386,700957,538751,680292,0,0,0,0,0,0,0
1074-1130-5387,514721,393907,990861,0,0,0,0,20511,0,0
1074-3999-19556,200267,1075875,525325,0,0,0,77866,40667,0,0
1074-3999-19558,313707,1001220,463273,0,0,0,82682,59118,0,0
1075-1131-5391,425041,1026142,409393,0,0,0,0,59424,0,0
1076-1132-5394,504261,1084641,199950,0,0,0,0,131148,0,0
1076-1132-5396,383140,947208,436022,0,0,0,0,94761,0,58869
1077-10672-52399,356653,729097,760939,0,0,0,61628,11683,0,0
1077-1133-5399,69505,868494,866885,24291,55112,0,0,35713,0,0
1077-1133-6925,193521,954051,492842,127222,135414,0,0,16950,0,0
1077-1133-6926,490343,812595,265422,107401,119196,0,106467,18576,0,0
1078-1134-36846,206487,940899,706751,0,0,0,0,65863,0,0
1078-1134-37454,145050,957332,688521,62465,0,0,38776,27856,0,0
1078-1134-5407,277318,959804,621095,0,0,0,0,61783,0,0
1079-1135-5414,135872,898731,878138,0,0,0,0,7259,0,0
108-108-489,88631,740823,1025982,0,0,0,0,64564,0,0
1080-1136-5416,641371,542429,736200,0,0,0,0,0,0,0
1080-1136-5418,772229,618813,493624,0,0,0,0,35334,0,0
1081-1137-5422,377582,785133,694959,0,0,0,0,35291,0,27035
1081-1137-5423,582814,510801,815784,0,0,0,0,10601,0,0
1082-1138-5428,309258,933083,602026,0,0,0,0,75633,0,0
1082-1138-5430,99861,502586,854271,24534,438748,0,0,0,0,0
1083-1139-6439,264885,996550,527376,0,0,0,45360,85829,0,0
1083-1139-6444,30439,795032,793632,37245,0,0,22259,74211,0,167182
1084-1140-5433,239987,992789,460544,0,0,0,0,226680,0,0
1085-1142-5437,620198,772703,424929,43,0,0,30285,71842,0,0
1086-1143-5445,308997,802319,592785,0,193101,0,0,22798,0,0
1086-1143-5446,388419,1202561,184586,0,110054,0,0,34380,0,0
1087-1144-5450,144866,987724,772422,0,0,0,0,14988,0,0
1087-1144-5451,419344,1217331,234444,0,0,0,0,48881,0,0
1088-1145-5459,410742,1068367,292146,0,0,0,80039,68706,0,0
1089-1146-5460,425859,830768,598576,0,0,0,0,64797,0,0
1089-1146-5462,163488,811294,882366,0,0,0,0,62852,0,0
109-109-4845,464360,850363,497147,56358,0,0,0,51772,0,0
109-109-492,223038,973013,590160,0,0,0,0,108822,0,24967
1090-1147-5467,645047,918102,266233,53946,0,0,0,36672,0,0
1090-1147-5469,433825,714945,702413,26429,0,0,0,42388,0,0
1091-1148-5471,167347,977197,714803,0,0,0,0,60653,0,0
1092-1149-5477,337805,898820,401111,77423,83219,0,87413,34209,0,0
1093-1150-5481,113001,428777,1343123,0,0,0,0,35099,0,0
1094-1151-5487,418716,1125129,302574,0,0,0,28628,44953,0,0
1094-1151-5488,51865,758451,1097185,0,0,0,0,12499,0,0
1096-1153-5496,102288,682888,1066345,0,0,0,23055,45424,0,0
1097-1154-5501,131305,921332,781837,0,0,0,0,48209,0,37317
1098-1155-5502,516569,471179,911560,0,0,0,0,20692,0,0
1098-1155-5503,610425,664996,617995,0,0,0,0,26584,0,0
1099-1156-5510,438951,795420,609462,0,0,0,0,76167,0,0
1099-1156-5511,611520,1019523,184511,0,0,0,0,104446,0,0
11-11-1415,372631,715953,552481,79611,0,0,181033,18291,0,0
11-11-1416,205659,780914,735331,39331,80558,0,0,78207,0,0
11-11-64,517675,596548,613032,0,130759,0,0,61986,0,0
11-11-65,495300,792633,505417,0,0,0,91000,35650,0,0
11-11-66,504104,632721,692848,0,0,0,66715,23612,0,0
110-110-494,188042,893519,748970,24797,40069,0,0,24603,0,0
1100-1157-5514,436653,746281,633709,0,0,0,0,62566,0,40791
1101-1158-55068,382231,1134391,336226,0,0,0,0,67152,0,0
1101-1158-55069,572998,867092,427494,0,0,0,0,52416,0,0
1101-1158-56974,184471,594584,947126,94032,0,0,74045,25742,0,0
1101-1158-81322,36372,609195,1074709,61794,0,0,132583,5347,0,0
1101-1158-81326,272493,1095493,422834,21357,0,0,93256,14567,0,0
1101-1158-9902,294739,956240,498668,69567,0,0,27290,59716,0,13780
1101-7797-38003,259472,1226687,369257,15157,0,0,21955,27472,0,0
1102-1159-5519,689429,908033,199000,40543,0,0,49793,33202,0,0
1103-1160-70555,131651,766400,987192,0,0,0,0,34757,0,0
1104-1161-5533,418851,1089391,192455,0,0,0,174089,45214,0,0
1104-1161-5534,601458,944064,164863,0,0,0,166406,43209,0,0
1104-1161-5535,544644,998540,225682,0,0,0,136098,15036,0,0
1104-1161-5536,549749,974440,216111,0,0,0,144627,35073,0,0
1104-1161-5537,300550,983574,483340,0,0,0,127821,24715,0,0
1104-1161-5538,299999,991852,482887,0,0,0,117260,28002,0,0
1105-1162-5542,472342,731496,517790,44370,0,0,109481,44521,0,0
1106-1163-5543,449172,821996,580219,0,0,0,0,68613,0,0
1106-1163-5545,332131,795715,722452,0,0,0,0,69702,0,0
1107-1164-5548,97327,808766,936945,0,0,0,0,65725,0,11237
1107-1164-5549,39140,684908,1137223,0,0,0,0,58729,0,0
1108-1165-5556,128603,927931,796210,0,0,0,0,53896,0,13360
1110-1167-5570,65936,576467,1224308,0,0,0,0,53289,0,0
1110-1167-5571,437627,913622,509674,0,0,0,35165,23912,0,0
1111-1168-5576,171868,1125129,555497,0,0,0,0,67506,0,0
1112-1169-5583,369814,847812,403390,53336,12,0,224809,20827,0,0
1112-1169-5585,842031,587172,300790,15468,11,0,143408,31120,0,0
1112-1169-5616,525288,754845,401544,49239,0,0,161007,28077,0,0
1114-1171-31266,160109,852426,726979,0,0,0,119596,60890,0,0
1114-1171-5598,205190,584231,940637,0,0,0,152633,37309,0,0
1114-1171-8578,404696,1035453,328783,0,0,0,0,151068,0,0
1114-1171-8579,76855,730205,967662,0,0,0,0,145278,0,0
1114-1171-8580,367085,1047130,345108,0,0,0,0,160677,0,0
1114-1171-8581,202291,587092,940840,0,0,0,151854,37923,0,0
1115-1172-5606,505007,1050392,320363,0,0,0,0,44238,0,0
1115-1172-5607,33915,711537,1114212,0,0,0,0,60336,0,0
1115-1172-5608,52394,1175557,608242,0,0,0,0,83807,0,0
1115-1172-5610,115096,1003871,739902,0,0,0,0,61131,0,0
1116-1173-5622,13652,265119,1527422,0,113807,0,0,0,0,0
1116-1173-5625,251238,597252,731987,0,304378,0,0,35145,0,0
1116-1173-5626,245394,613544,714633,0,310296,0,0,36133,0,0
1117-1174-5631,681284,931758,244996,0,0,0,0,61962,0,0
1117-1174-5632,361974,1053281,433649,0,0,0,0,71096,0,0
1117-1174-7374,25799,600503,1204127,89571,0,0,0,0,0,0
1117-1174-7375,17039,404277,1442046,56638,0,0,0,0,0,0
1117-1174-8151,317856,784373,645277,82387,0,0,67129,22978,0,0
1118-1175-5642,125725,907008,767571,0,0,0,81126,38570,0,0
1119-1176-5651,235080,985142,598821,0,0,0,33521,67436,0,0
112-113-500,491794,872282,503013,0,0,0,0,52911,0,0
1121-1178-5668,322935,558467,985632,0,0,0,0,52966,0,0
1121-1178-7987,629040,834605,393103,0,0,0,0,50746,0,12506
1121-1178-7988,95678,709384,1083829,0,0,0,0,31109,0,0
1122-1179-5674,133156,775551,953355,0,0,0,0,57938,0,0
1124-1181-5683,181759,873243,814713,0,0,0,12441,37844,0,0
1125-1182-5684,129751,972148,760923,0,0,0,13200,43978,0,0
1126-1183-5687,784392,912661,147869,0,0,0,56737,18341,0,0
1126-1183-5689,162508,942453,553055,0,0,0,220115,41869,0,0
1126-1183-5691,373672,692185,742667,0,0,0,63403,48073,0,0
1126-1183-5692,330239,587416,955184,0,0,0,31837,15324,0,0
1127-1184-5698,132370,967919,755950,0,0,0,0,63761,0,0
113-114-503,338758,536674,929140,44214,0,0,50012,21202,0,0
1130-1187-5707,200243,1015090,618023,0,0,0,0,86644,0,0
1131-1188-5717,509441,381659,1019832,0,0,0,0,9068,0,0
1131-1188-5718,748490,758888,357569,19407,0,0,14298,21348,0,0
1131-1188-5721,876780,385238,640214,0,0,0,0,17768,0,0
1131-1188-5723,407536,506801,938722,18548,0,0,27182,21211,0,0
1132-1189-5728,200801,991521,644540,0,0,0,0,48344,0,34794
1133-1190-5748,289295,991753,487618,65596,0,0,43852,41886,0,0
1134-1191-5733,367367,1128624,365976,0,0,0,0,58033,0,0
1135-1192-5739,275828,995545,557804,0,0,0,8392,82431,0,0
1135-1192-5740,77680,1083727,714102,0,0,0,0,44491,0,0
1135-1192-5741,396947,1007124,464946,0,0,0,0,50983,0,0
1136-1193-5746,441735,564145,792826,0,0,0,66946,54348,0,0
1138-1195-5756,107120,959007,786057,0,0,0,0,67816,0,0
1138-1195-6579,171697,1171239,429795,42844,0,0,74015,30410,0,0
1139-1196-5758,372103,632464,660929,0,0,0,0,40867,213637,0
114-116-509,179958,1032375,629698,0,0,0,0,77969,0,0
1140-1197-5767,168260,959792,647571,50401,0,0,0,27784,0,66192
1141-1198-5770,285597,744906,488794,0,203824,0,0,108707,0,88172
1142-1199-30487,571480,525266,433882,51668,264290,0,61244,12170,0,0
1142-1199-5774,340622,886580,375906,122776,0,0,194116,0,0,0
1143-1200-5778,460859,1140637,265006,0,0,0,0,53498,0,0
1144-1201-5779,115259,577018,596168,0,570287,0,0,61268,0,0
1144-1201-6252,739854,871103,271356,0,0,0,25462,12225,0,0
1144-1201-6253,113808,1156626,595466,0,0,0,11322,42778,0,0
1144-1201-8351,197792,719197,655061,48666,249851,0,0,49433,0,0
1145-1202-5781,83684,1155210,535448,0,0,0,0,145658,0,0
1146-1203-7649,537632,563126,463080,101720,0,0,79933,0,174509,0
1148-1205-5793,166663,837771,755040,0,0,0,84878,67711,0,7937
115-117-520,689857,817521,309951,53230,0,0,0,49441,0,0
1150-1207-5804,308910,645760,847549,0,0,0,72314,45467,0,0
1150-1207-5806,481006,572433,605920,0,205752,0,0,54889,0,0
1151-1208-5810,135331,794342,953598,0,0,0,4885,31844,0,0
1151-1208-5990,120887,659724,1054872,24485,0,0,0,60032,0,0
1152-1209-5813,487169,649170,744568,0,0,0,0,39093,0,0
1152-1209-5817,386119,1172258,300995,0,0,0,9594,51034,0,0
1152-1209-5818,368019,722622,758870,0,0,0,0,70489,0,0
1153-1210-5822,306363,888586,632930,0,0,0,32186,59935,0,0
1154-1211-5823,224586,920329,502642,0,0,0,100,147152,125191,0
1154-1211-5825,92703,926600,748225,0,0,0,0,120454,32018,0
1156-1213-5831,394977,770752,712252,0,0,0,16458,25561,0,0
1157-1214-7341,199878,912126,791729,6744,0,0,0,9523,0,0
1157-1214-7342,81115,818472,925795,24658,0,0,34801,35159,0,0
1158-1215-5836,238279,973764,566122,0,0,0,0,91656,0,50179
1159-1216-5839,633385,725910,455520,0,0,0,0,105185,0,0
116-118-514,178050,1115294,530024,0,0,0,0,96632,0,0
1161-1218-6737,495335,804763,516320,60290,0,0,0,43292,0,0
1162-1219-5847,327488,893886,679285,0,0,0,0,16798,0,2543
1163-1220-5849,234164,656639,876760,18268,0,0,48724,57383,0,28062
1163-1220-6593,820078,463679,488090,41473,0,0,43600,31638,0,31442
1164-1221-14139,504450,1058934,317215,0,0,0,0,39401,0,0
1164-1221-14141,212386,1229929,429175,0,0,0,0,48510,0,0
1164-1221-14143,226995,1228695,400740,0,0,0,0,63570,0,0
1164-1221-14144,83122,1011146,761751,0,0,0,0,63981,0,0
1165-1222-5859,320328,1031345,472524,0,0,0,20704,75099,0,0
1166-1223-5864,635360,704466,522259,0,0,0,0,57915,0,0
1166-1223-5865,355028,1073581,401363,0,0,0,0,90028,0,0
1166-1223-6294,738018,914067,183566,34493,0,0,0,49856,0,0
1166-1223-6332,394730,970961,495915,38989,0,0,0,19405,0,0
1167-1224-5870,315137,1120291,399771,30137,0,0,18858,35806,0,0
1167-1224-5871,482108,1174126,149198,71372,0,0,0,43196,0,0
1168-1225-5877,254567,895809,659762,14328,0,0,55183,40351,0,0
1169-1226-5879,908117,709053,232698,0,0,0,0,57405,0,12727
117-119-519,15706,470106,1340550,27896,0,0,41814,23928,0,0
1170-1227-5880,205368,951538,643910,77385,0,0,41799,0,0,0
1171-1228-6267,594347,1076339,95120,0,0,0,0,154194,0,0
1172-1229-5883,99444,961830,815142,0,0,0,0,43584,0,0
1172-1229-5884,222663,797486,831389,0,0,0,25843,42619,0,0
1172-1229-5885,152305,1005351,713880,0,0,0,0,48464,0,0
1172-1229-6976,213840,561212,1078536,36642,0,0,29770,0,0,0
1173-1231-5889,297770,548472,899840,33042,93657,0,32097,15122,0,0
1174-1233-5896,85117,582098,974740,67436,193109,0,0,17500,0,0
1175-1234-5897,278920,956728,532633,18427,0,0,68559,64733,0,0
1175-1234-5898,166624,1052750,565447,14042,0,0,76388,44749,0,0
1176-1235-5905,291864,1003236,588191,0,0,0,0,36709,0,0
1176-1235-6990,640324,512263,702603,61111,0,0,0,3699,0,0
1176-1235-6994,195518,716328,957505,0,0,0,0,50649,0,0
1178-1237-5914,553364,884582,393897,0,0,0,27552,60605,0,0
1178-1237-5915,119659,1053250,654660,0,0,0,27230,65201,0,0
1179-1238-5921,425759,301245,1136581,0,0,0,0,56415,0,0
118-120-1349,455153,761324,289242,86370,282699,0,0,20588,0,24624
118-120-523,240901,710501,592762,74674,247269,0,31350,0,0,22543
118-120-525,420980,858152,396859,68987,151414,0,0,0,0,23608
1181-1240-5932,94485,919745,704114,37670,0,0,92013,71973,0,0
1182-1241-5934,45214,840966,998683,0,0,0,0,35137,0,0
1184-1243-5944,393091,404591,1090451,7975,0,0,0,23892,0,0
1184-1243-5947,472186,398948,1033630,0,0,0,0,15236,0,0
1184-1243-5948,470943,669070,726110,21043,0,0,0,32834,0,0
1184-1243-5949,324562,444720,1137000,13718,0,0,0,0,0,0
1184-1243-5950,367215,456908,1073883,0,0,0,0,21994,0,0
1185-1244-5953,425258,1016289,324414,53599,0,0,64466,35974,0,0
1185-1244-5954,610790,805962,407092,47065,0,0,32254,16837,0,0
1186-1245-5964,78876,765179,714147,41245,250438,0,0,70115,0,0
1186-1245-7588,67655,847900,587082,95413,236093,0,0,43951,0,41906
1187-1246-5965,360609,958781,533201,0,0,0,0,67409,0,0
1188-1247-5966,225557,1039284,266183,46674,263832,0,27275,51195,0,0
1188-1247-5967,395872,912687,318517,40417,173022,0,20522,58963,0,0
1189-1248-8407,626564,591752,645241,32167,0,0,24276,0,0,0
119-122-526,305248,797638,749837,0,0,0,20804,46473,0,0
119-122-528,160296,582703,1107161,0,0,0,41683,28157,0,0
119-292-1670,37301,730776,1061566,67395,0,0,0,22962,0,0
119-292-1672,50837,719871,1033120,78009,0,0,0,38163,0,0
1190-1249-5970,334957,820220,419642,12639,267488,0,45346,19708,0,0
1190-1249-7461,247849,605051,616249,43948,398756,0,0,8147,0,0
1190-1249-7462,120917,820560,558426,72982,338957,0,0,8158,0,0
1191-1250-5971,439050,875515,491614,0,0,0,0,113821,0,0
1192-1251-5973,323687,932224,632785,0,0,0,0,31304,0,0
1193-1252-5975,37515,848261,953912,0,0,0,0,80312,0,0
1193-1252-5976,373796,1154973,316213,0,0,0,0,75018,0,0
1195-1254-5980,161198,785548,895759,0,0,0,0,77495,0,0
1195-1254-5981,462782,977616,436467,0,0,0,0,43135,0,0
1195-1254-7705,301718,713119,847726,32607,0,0,0,24830,0,0
1195-1254-7719,429309,704058,675974,24297,0,0,35729,50633,0,0
1196-1255-48694,225113,366122,1168898,61014,98853,0,0,0,0,0
1196-1255-48696,273498,471844,1099107,34100,0,0,0,41451,0,0
1196-1255-49236,300868,312803,1224839,75154,0,0,6336,0,0,0
1196-1255-5982,239511,722013,802736,18151,0,0,104906,32683,0,0
1198-1257-5985,400518,1164423,217214,0,0,0,66090,71755,0,0
12-156-803,133382,1157962,557575,51018,0,0,0,20063,0,0
120-123-544,455908,832724,399740,69037,0,0,158150,4441,0,0
1200-1259-5993,58329,692870,1099256,0,0,0,0,50011,0,19534
1201-1260-5994,282685,1280521,246652,0,0,0,0,110142,0,0
1201-1260-5995,321456,972570,465711,0,0,0,0,160263,0,0
1202-1261-5996,382910,698600,710066,0,0,0,66405,62019,0,0
1206-1265-6004,598559,1099745,173292,0,0,0,0,48404,0,0
1207-1266-6006,282085,1170244,280146,0,0,0,37112,114856,0,35557
1208-1267-6008,456362,826828,391752,0,191397,0,0,53661,0,0
121-124-2854,380020,1055832,288546,76980,0,0,83352,35270,0,0
121-124-5023,119519,755926,919572,98908,0,0,0,26075,0,0
121-124-5026,137025,828791,865142,71942,0,0,0,17100,0,0
121-124-5027,95359,800169,944532,54849,0,0,0,25091,0,0
121-124-531,236799,889085,714645,0,0,0,0,79471,0,0
121-124-533,460482,774864,530858,58131,0,0,81701,13964,0,0
121-124-536,499311,865820,514188,0,0,0,0,40681,0,0
1210-1269-6013,168561,842127,831052,0,0,0,26195,52065,0,0
1211-1270-6018,918776,357279,552125,1867,0,0,0,3402,0,86551
1212-1271-6024,267281,863631,743053,0,0,0,0,46035,0,0
1214-1273-6028,155387,977632,747471,0,0,0,0,39510,0,0
1215-1274-6043,60575,954921,750702,65230,0,0,39109,49463,0,0
1216-1275-6033,46110,1238990,500553,0,0,0,0,134347,0,0
1216-1275-6039,81075,1060224,726611,0,0,0,0,52090,0,0
1218-1277-38247,133353,849240,601623,122501,201034,0,12249,0,0,0
1218-1277-6054,266046,1153720,389238,0,0,0,0,110996,0,0
122-125-541,437419,1141217,314162,0,0,0,0,27202,0,0
122-125-542,459181,816391,609012,0,0,0,0,35416,0,0
122-421-2216,77095,798151,788785,0,0,0,226644,29325,0,0
1220-1279-6067,425318,984528,441782,0,0,0,0,68372,0,0
1221-1280-6072,379614,530746,923362,86278,0,0,0,0,0,0
1222-1281-6069,722641,686823,326222,22756,65072,0,0,75683,0,20803
1222-1281-6070,58081,1060456,465491,18604,215518,0,0,59581,0,42269
1223-1282-6082,192302,1044592,620611,0,0,0,0,62495,0,0
1224-1283-6091,520768,508535,756701,91123,42873,0,0,0,0,0
1224-1283-6092,117792,518369,1047394,87739,143385,0,0,470,0,4851
1224-1283-6093,110956,677942,1052305,78797,0,0,0,0,0,0
1225-1284-6097,168485,976386,709005,0,0,0,0,66124,0,0
1226-1285-6098,361945,908596,564603,0,0,0,15724,69132,0,0
1226-1285-6101,467319,959702,400326,0,0,0,18535,74118,0,0
1226-1285-7569,827982,411164,626045,29178,0,0,0,25631,0,0
1227-1286-6105,342482,536622,920658,40707,35323,0,0,33239,0,10969
1228-1287-6109,172472,863381,639886,0,168533,0,0,75728,0,0
1229-1288-6119,286139,649841,876098,0,0,0,0,107922,0,0
1229-1288-6120,360855,875456,629295,0,0,0,0,54394,0,0
1229-1288-6121,249591,938255,659713,0,0,0,0,72441,0,0
123-126-549,528876,584952,709890,74286,0,0,0,21996,0,0
1231-1290-11252,1163262,619835,112602,24301,0,0,0,0,0,0
1231-1290-6132,69716,893193,849524,64045,0,0,0,43522,0,0
1232-1291-6130,217343,858721,801269,3,0,0,20142,22522,0,0
1233-1292-6135,176651,1016982,620103,0,0,0,0,106264,0,0
1233-1292-6136,136210,888699,839173,0,0,0,0,55918,0,0
1234-1293-6153,280886,563056,987322,0,0,0,63115,25621,0,0
1235-1294-6164,204373,1117182,538740,0,0,0,0,59705,0,0
1236-1295-6169,164945,1032085,684048,0,0,0,0,38922,0,0
1236-1295-6172,342203,1149308,361305,0,0,0,0,67184,0,0
1239-1298-6189,262088,1053683,561308,0,0,0,0,42921,0,0
124-127-23780,75161,994767,814373,0,0,0,0,35699,0,0
124-127-23791,357857,1174253,370296,0,0,0,17594,0,0,0
124-127-23792,81210,1144431,614938,0,0,0,0,79421,0,0
124-127-23793,121436,1120060,633647,0,0,0,0,44857,0,0
124-127-556,111973,850074,892579,34340,0,0,0,31034,0,0
124-296-1690,151792,856894,815802,86937,0,0,0,8575,0,0
1240-1300-6193,99869,980208,793019,0,0,0,0,46904,0,0
1241-1301-6201,128383,654059,852664,16365,250181,0,0,10632,0,7716
1242-1302-7148,15254,552536,1340486,0,0,0,0,11724,0,0
1242-1302-8814,250029,831380,744003,71677,0,0,0,22911,0,0
1242-1302-8820,90901,849219,893972,56781,0,0,0,29127,0,0
1243-1303-6210,159384,1021518,617526,0,0,0,0,69156,0,52416
1244-1304-6219,489197,1173263,202572,0,0,0,0,54968,0,0
1246-1306-6228,130796,887456,642211,12973,221102,0,0,25462,0,0
1247-1307-6232,669198,764353,406814,0,0,0,0,67823,0,11812
1247-1307-6237,882994,586647,391477,0,0,0,0,58882,0,0
1248-1308-6242,212759,961163,682730,0,0,0,0,63348,0,0
1248-1308-6243,26975,846116,1014856,0,0,0,0,32053,0,0
1249-1309-6244,45567,914726,822334,0,0,0,0,137373,0,0
1249-1309-6245,201744,1020573,602836,0,0,0,0,87951,0,6896
125-128-559,681602,614207,567599,0,0,0,0,46453,0,10139
1250-1310-6247,680576,470031,632328,86311,0,0,50754,0,0,0
1251-1311-6257,252724,796990,820693,24522,0,0,0,25071,0,0
1252-1312-6264,822656,773086,275523,0,0,0,0,48735,0,0
1252-1312-6265,332003,737739,839376,0,0,0,0,10882,0,0
1253-1313-6269,80013,869825,908202,0,0,0,0,61960,0,0
1254-1314-6271,477860,986313,313322,2855,0,0,69437,70213,0,0
1254-1314-7556,193537,995601,553911,27370,54905,0,43965,50711,0,0
1255-1315-6277,173006,850332,819244,26454,0,0,0,50964,0,0
1256-1316-6275,331616,1031853,547894,0,0,0,0,8637,0,0
1257-1317-6278,126627,408975,933878,0,424084,0,0,26436,0,0
1258-1318-6279,236896,1052139,580617,0,0,0,0,50348,0,0
1258-1318-6280,312071,973836,570868,0,0,0,0,43749,0,19476
1258-1318-8217,252682,898980,677077,31526,0,0,21918,37817,0,0
1259-1319-6284,366903,895647,605829,0,0,0,0,51621,0,0
126-129-562,412731,877215,298135,0,222187,0,0,16461,0,93271
1260-1320-6291,340840,974636,501632,0,0,0,0,102892,0,0
1260-1320-6292,319373,446340,1104175,0,0,0,0,50112,0,0
1261-1321-6302,571836,884059,425449,0,0,0,0,38656,0,0
1261-1321-6304,514015,900189,480481,0,0,0,0,25315,0,0
1261-1321-6306,533651,751896,572890,0,0,0,0,61563,0,0
1262-1322-6308,156161,1283311,330568,0,0,0,38185,111775,0,0
1262-1322-6309,136458,1332118,338636,0,0,0,11781,101007,0,0
1263-1323-6313,26930,731507,1100125,32592,0,0,2393,26453,0,0
1264-1324-6312,107673,1071775,733466,0,0,0,0,7086,0,0
1264-1324-7882,472762,928748,455545,47234,0,0,0,15711,0,0
1265-1325-6314,488974,858222,466124,0,0,0,0,57406,0,49274
1268-1328-13686,281085,969411,555228,34806,0,0,0,79470,0,0
1268-1328-13687,263407,777006,782549,32980,0,0,7528,56530,0,0
1268-1328-6335,387806,722896,740978,0,0,0,0,68320,0,0
1268-1328-6337,446875,896843,490043,0,0,0,0,72038,0,14201
1269-1329-6338,52325,894819,933207,0,0,0,0,39649,0,0
127-130-571,86745,752006,883586,44157,0,0,106359,47147,0,0
1270-1330-6340,127798,1117940,612211,0,0,0,0,62051,0,0
1271-1331-6345,200123,383852,1323072,0,0,0,0,12953,0,0
1271-1331-6347,1147987,534339,211877,0,0,0,0,25797,0,0
1271-1331-8700,821309,397864,574894,52015,0,0,73918,0,0,0
1271-1331-8701,206145,1092373,504765,0,0,0,0,116717,0,0
1271-1331-8703,410097,780700,624653,0,0,0,28609,75941,0,0
1272-1332-6348,118903,916705,734451,74414,0,0,47155,28372,0,0
1273-1333-6355,86661,951912,837833,0,0,0,0,43594,0,0
1273-1333-8710,273655,938060,515988,71322,0,0,47514,73461,0,0
1274-1334-6357,154324,712008,940657,25138,0,0,6521,81352,0,0
1275-1335-6360,1463872,385387,56830,0,0,0,0,13911,0,0
1276-1336-6362,333579,959507,570803,0,0,0,0,56111,0,0
1277-1337-6363,342568,745268,783143,0,0,0,0,49021,0,0
1277-1337-7249,33365,402055,1412916,31124,2532,0,22195,15813,0,0
1278-1338-6364,196128,1128387,460791,0,0,0,35319,99375,0,0
1278-1338-7066,629002,727800,498729,0,0,0,0,64469,0,0
1278-1338-7072,1225027,539854,124303,0,0,0,0,30816,0,0
1279-1339-6366,100060,905221,873329,0,0,0,0,41390,0,0
128-131-566,56885,1001476,775338,0,0,0,0,86301,0,0
128-131-567,23864,871102,967857,0,0,0,0,57177,0,0
1281-1341-6376,13552,877814,1028634,0,0,0,0,0,0,0
1282-1342-7433,299357,992794,561043,37818,0,0,0,28988,0,0
1285-1345-30531,398362,644205,790783,37560,0,0,0,49090,0,0
1285-1345-30532,66961,1141318,566684,44803,0,0,29355,70879,0,0
1285-1345-30538,237931,529306,1081917,0,35279,0,19482,16085,0,0
1285-1345-31193,313791,1093895,394959,35398,0,0,43327,38630,0,0
1285-1345-40601,83049,1102614,555011,52373,16631,0,65832,44490,0,0
1285-1345-45967,161962,824148,577994,52442,228047,0,23603,51804,0,0
1285-1345-45969,153660,629402,827401,15991,210988,0,39535,43023,0,0
1285-1345-49307,124630,1136221,516798,46989,0,0,0,78893,0,16469
1285-1345-6385,234254,1050290,554025,0,0,0,53326,28105,0,0
1285-1345-6388,246267,1190337,342499,0,0,0,27379,107851,0,5667
1285-1345-6389,392711,1036699,399515,0,0,0,27453,63622,0,0
1285-1345-7926,230184,516278,788108,23013,359497,0,0,2920,0,0
1285-1345-7927,641087,889680,271858,34586,0,0,43065,39724,0,0
1285-1345-7928,444736,724172,533102,20261,135664,0,42644,19421,0,0
1286-1346-6392,1134507,445404,264473,0,0,0,67617,7999,0,0
1287-1347-6395,224859,1153223,457017,0,0,0,0,84901,0,0
1287-1347-7898,109040,825679,848907,43969,0,0,0,92405,0,0
1288-1348-6401,154217,969218,578138,6129,150201,0,0,62097,0,0
1288-1348-7979,64173,537344,962702,47830,296133,0,0,11818,0,0
1289-1349-6403,79533,763227,983337,0,0,0,0,63058,0,30845
129-132-569,648136,822258,438643,0,0,0,0,10963,0,0
1290-1350-6407,79590,545785,1276123,0,0,0,0,18502,0,0
1290-1350-6409,585004,1143541,130387,0,0,0,0,61068,0,0
1290-1350-98166,391170,1224117,244595,0,0,0,0,60118,0,0
1291-1351-12361,908007,414847,575199,0,0,0,0,21947,0,0
1291-1351-6410,143016,965587,787950,0,0,0,0,23447,0,0
1291-1351-6411,138628,892735,855606,0,0,0,0,33031,0,0
1292-1352-57369,172252,755414,920782,0,0,0,24281,47271,0,0
1292-1352-6412,40853,732784,1029995,0,0,0,17325,99043,0,0
1292-1352-6413,80780,863051,880111,0,0,0,19087,76971,0,0
1293-1353-6417,469530,1039452,358047,0,0,0,42247,10724,0,0
1293-1353-6418,522620,1010075,311176,0,0,0,35174,40955,0,0
1293-1353-6419,29290,605221,1260035,0,0,0,7147,18144,0,163
1294-1354-6427,216248,1121066,466904,0,0,0,35370,80412,0,0
1294-1354-6428,186234,1150514,504169,0,0,0,32822,46261,0,0
1294-1354-6429,394304,951257,487878,0,0,0,22856,63705,0,0
1294-1354-6430,1113635,604184,139714,0,0,0,24975,37492,0,0
1295-1355-6431,565823,843963,443468,0,0,0,0,52715,0,14031
1296-1357-6442,60761,995715,760981,0,0,0,0,85313,0,17230
1297-1358-61172,388046,593986,785047,34682,0,0,64381,29574,0,24284
1297-1358-62528,280887,568757,1007006,26221,0,0,20224,16905,0,0
1297-1358-63197,678789,515113,383507,29060,299935,0,0,13596,0,0
1298-1359-6450,534217,706104,594193,0,0,0,19602,65884,0,0
1298-1359-78036,575467,350479,968106,2329,0,0,0,23619,0,0
1298-2385-11230,833394,749935,265827,0,0,0,0,70844,0,0
1299-1360-6454,499914,1058736,340431,0,0,0,0,20919,0,0
13-13-71,201716,383029,1318243,0,0,0,0,17012,0,0
130-133-588,250903,975719,543716,91362,0,0,0,58300,0,0
130-133-590,619922,720990,419663,76922,0,0,0,82503,0,0
1300-1361-6457,515229,871801,236906,8925,217937,0,52922,16280,0,0
1301-1362-30741,395162,684660,795472,0,0,0,0,44706,0,0
1301-1362-6459,242720,1025971,565278,0,0,0,0,86031,0,0
1302-1363-6460,603683,230993,1085324,0,0,0,0,0,0,0
1303-1364-6462,511580,967727,277949,83126,0,0,0,54423,0,25195
1304-1365-6465,1096606,209765,582440,31189,0,0,0,0,0,0
1305-1366-34002,572376,378731,863991,8093,12147,0,0,17232,0,67430
1305-1366-6469,304836,265662,1330345,0,0,0,0,19157,0,0
1305-1366-8377,365307,326453,1189747,21780,0,0,0,16713,0,0
1306-1367-6473,310307,560830,917769,20180,97351,0,0,13563,0,0
1306-1367-8041,389013,660378,652562,75561,127917,0,0,14569,0,0
1307-1368-6478,122613,1084389,586491,0,0,0,0,126507,0,0
1307-1368-89115,588380,880921,375910,58060,0,0,0,16729,0,0
1307-1368-89118,427450,568894,841293,82363,0,0,0,0,0,0
1308-1369-6482,85660,633508,1145982,0,0,0,0,54850,0,0
1309-1370-6485,355881,924714,590661,0,0,0,0,33659,0,15085
1310-1371-6487,49912,1135438,698670,0,0,0,0,35980,0,0
1310-1371-7051,250118,869804,539402,47196,0,0,156713,56767,0,0
1311-1372-11940,297760,890844,582599,41735,0,0,38391,68671,0,0
1311-1372-11942,387218,510239,899054,0,0,0,92692,30797,0,0
1312-1373-6508,65305,870308,872496,0,0,0,0,111891,0,0
1313-1374-10964,43713,591673,1061883,161169,0,0,0,61562,0,0
1313-1374-10966,45087,609557,1068082,173132,0,0,0,24142,0,0
1313-1374-6509,93878,970477,607269,0,0,0,0,248376,0,0
1316-1377-6514,81680,684852,903294,11286,132448,0,82857,23583,0,0
1316-1377-6516,365891,776295,511731,0,154234,0,95838,16011,0,0
1317-1378-6518,494667,619767,649121,33633,115878,0,0,6934,0,0
1317-1378-8904,210642,426285,973948,69417,177059,0,62649,0,0,0
1319-1380-6524,30326,1003730,828277,0,0,0,0,57667,0,0
1319-1380-8310,25830,954750,888345,29165,0,0,5975,15935,0,0
132-135-3928,115188,859488,828324,59791,0,0,0,57209,0,0
132-135-585,134004,883099,840968,0,0,0,0,61929,0,0
1320-1381-6529,201424,955323,693203,0,0,0,0,70050,0,0
1321-1382-6532,377969,994113,412595,0,0,0,0,135323,0,0
1323-1384-6538,168017,1042645,628138,0,0,0,0,81200,0,0
1324-1385-6541,173700,1151639,550476,0,0,0,0,44185,0,0
1325-1386-12609,249901,946217,633927,0,0,0,10912,79043,0,0
1325-1386-6549,529202,481910,819918,0,0,0,0,80756,0,8214
1325-1386-6551,286003,620680,805658,0,121054,0,0,67072,0,19533
1325-1386-8122,503472,697228,513780,38703,115761,0,78,50978,0,0
1325-1386-8123,656859,569339,559867,56474,0,0,0,52782,0,24679
1326-1387-6556,235854,495890,1137871,0,0,0,20508,29877,0,0
1328-1389-6560,295987,1117750,444588,0,0,0,0,61675,0,0
1329-1390-6564,160273,1079928,626857,0,0,0,0,52942,0,0
133-136-592,452382,633494,752346,19868,0,0,0,24908,0,37002
1332-1393-6577,154326,453251,1123273,0,154292,0,0,34858,0,0
1335-1396-6586,388905,1116929,362146,0,0,0,0,52020,0,0
1335-1396-6587,119161,1148352,609631,0,0,0,0,42856,0,0
1335-1396-8768,231709,985352,645059,29812,0,0,20225,7843,0,0
1335-1396-8769,249776,933631,667943,32136,0,0,15239,21275,0,0
1336-1397-21143,426865,567139,775455,61140,0,0,64806,24595,0,0
1337-1398-6591,132723,1023073,664631,0,0,0,0,99573,0,0
1338-1399-6597,121563,1101520,585493,0,0,0,0,111424,0,0
1339-1400-6615,148225,933453,815235,0,0,0,0,23087,0,0
1339-1400-6620,108830,882011,889366,0,0,0,0,39793,0,0
1339-1400-6622,98126,850984,921978,0,0,0,0,48912,0,0
134-137-21612,98948,952582,713350,59101,0,0,19426,76593,0,0
134-137-593,72486,1072588,540205,0,0,0,33975,156864,0,43882
1340-1401-6616,547514,889937,306770,5921,0,0,130488,39370,0,0
1341-1402-6626,485272,536926,890146,0,0,0,0,7656,0,0
1341-2125-10003,175071,766864,877835,22249,0,0,51403,26578,0,0
1341-2125-10016,359768,571184,954354,8928,0,0,25766,0,0,0
1342-1404-10099,80378,766198,1019785,0,0,0,0,53639,0,0
1343-1405-6635,589116,732056,572624,0,0,0,0,26204,0,0
1343-1405-6636,38984,659581,1196378,0,0,0,0,25057,0,0
1344-1406-6639,36166,622509,1161721,0,0,0,89532,10072,0,0
1344-1406-6640,332810,806969,681560,4493,0,0,62329,31839,0,0
1344-1406-8612,160477,797998,785664,50569,0,0,98537,26755,0,0
1345-1407-6642,521992,923836,415298,0,0,0,0,58874,0,0
1346-1408-6643,240659,1039333,525782,32510,0,0,37179,44537,0,0
1347-1409-6692,398848,642168,733178,0,0,0,111898,33908,0,0
1347-1409-6695,186170,1000061,687702,0,0,0,0,46067,0,0
1347-1409-7611,703329,506555,630174,41011,0,0,31520,7411,0,0
1348-1410-6648,194418,897888,773757,0,0,0,0,53937,0,0
1348-1410-8264,423492,685819,716031,51342,0,0,0,43316,0,0
1349-1411-6650,433436,946123,500443,0,0,0,0,39998,0,0
1350-1412-6657,627452,841547,393840,0,0,0,0,57161,0,0
1351-1413-6660,373142,612325,637422,0,252325,0,0,44786,0,0
1352-1414-6666,270815,1202989,422264,0,0,0,0,23932,0,0
1353-1415-6668,777942,805793,188915,0,0,0,95937,51413,0,0
1353-1415-6670,534642,606712,716302,0,0,0,0,62344,0,0
1355-1417-6680,140893,1036113,602397,48793,0,0,78403,0,0,13401
1356-1418-6683,525394,1075696,241815,0,0,0,0,77095,0,0
1357-1419-6686,121934,765553,657726,36399,234711,0,0,101925,0,1752
1358-1420-6687,295018,693015,894008,0,0,0,0,37959,0,0
1359-1421-6690,129209,870115,658917,45614,0,0,174306,41839,0,0
1359-1421-6691,290504,608705,904303,39178,0,0,77310,0,0,0
136-139-3437,214639,928645,720883,0,0,0,0,55833,0,0
136-139-3438,291306,1106929,475211,0,0,0,0,46554,0,0
136-139-602,170106,1204899,487246,0,0,0,0,47721,0,10028
136-139-603,254820,1118224,518697,0,0,0,0,28259,0,0
136-139-606,118511,884563,840810,0,0,0,0,62603,0,13513
1360-1422-6696,334380,846946,615706,0,0,0,0,122968,0,0
1361-1423-6698,750767,442707,718346,0,0,0,0,8180,0,0
1361-1423-6700,319185,816556,741902,0,0,0,0,42357,0,0
1361-1423-6701,429594,653720,802529,0,0,0,0,34157,0,0
1362-1424-6703,102183,794910,858662,0,0,0,78581,85664,0,0
1363-1425-6704,686929,381249,728103,38552,0,0,80437,4730,0,0
1364-1426-6706,115730,998095,615994,0,0,0,35548,154633,0,0
1366-1428-6711,479767,400502,1039731,0,0,0,0,0,0,0
1366-1428-6714,371931,616377,906722,0,0,0,0,24970,0,0
1367-1429-6722,576401,1033104,200650,0,0,0,0,109845,0,0
1368-1430-15131,380898,467591,498676,18347,518625,0,0,35863,0,0
1368-1430-6721,95153,1048050,667303,0,0,0,0,109494,0,0
1368-1430-6723,71036,1009015,766897,0,0,0,0,73052,0,0
1369-1431-6730,74908,955517,724948,0,0,0,56057,108570,0,0
1369-1431-7093,39184,1170097,500188,51341,0,0,80385,78805,0,0
137-140-623,191923,862236,725370,41818,0,0,7865,54048,0,36740
1370-1432-6734,905573,729960,250003,0,0,0,0,34464,0,0
1370-1432-6736,401982,931441,522680,0,0,0,0,63897,0,0
1371-1433-6739,154112,720252,881195,0,0,0,33540,81547,0,49354
1373-1435-6740,459707,998130,367053,52603,0,0,0,42507,0,0
1373-1435-6742,340310,1038310,448672,60451,0,0,0,32257,0,0
1374-1436-6743,1122068,232243,555032,0,0,0,0,10657,0,0
1374-1436-6744,940847,463043,461766,0,0,0,0,13499,0,40845
1375-1437-6747,380819,461934,1044524,0,0,0,0,32723,0,0
1376-1438-6757,645452,758671,429431,60936,0,0,0,25510,0,0
1377-1439-6758,412470,1092242,349040,0,0,0,0,66248,0,0
1377-1439-6761,204819,994295,613529,0,0,0,0,84089,0,23268
1378-1440-6763,171795,1045663,672419,0,0,0,0,30123,0,0
1379-1441-7183,163317,1053910,649814,0,0,0,0,52959,0,0
1379-1441-7184,147970,1059954,661425,0,0,0,0,50651,0,0
138-141-627,25644,961611,884794,0,0,0,0,23063,0,24888
1380-1442-6770,568938,551517,656198,0,111082,0,0,32265,0,0
1381-1443-6772,219419,842756,696222,51509,0,0,96330,13764,0,0
1382-1444-6773,50106,892673,901561,0,0,0,0,75660,0,0
1382-1444-7726,252554,994238,586300,40115,0,0,0,46793,0,0
1383-1445-6774,155791,1022799,729706,0,0,0,0,11704,0,0
1384-1446-6776,462440,989527,349879,0,0,0,0,65553,0,52601
1385-1447-6778,148924,864477,834905,0,0,0,44902,26792,0,0
1385-1447-6785,322106,407433,1164213,0,0,0,0,26248,0,0
1385-1447-6787,404948,472610,1025175,0,0,0,0,17267,0,0
1386-1448-6798,326410,1027971,539968,0,0,0,0,25651,0,0
1387-1449-6806,341506,577604,949337,0,0,0,0,51553,0,0
1387-1449-6808,432352,664482,796596,0,0,0,0,26570,0,0
1388-1450-6812,483790,1014302,313776,18900,0,0,73954,15278,0,0
1389-1451-6816,137465,807445,852711,0,0,0,0,122379,0,0
1389-1451-7319,271120,538046,982450,50633,0,0,9956,67795,0,0
1389-7017-34570,332358,798366,682633,0,0,0,0,106643,0,0
1389-7017-34571,431434,830388,519633,0,0,0,0,138545,0,0
139-142-645,273880,296054,1228359,63395,0,0,58312,0,0,0
1390-1452-6822,153462,630208,1050808,0,0,0,43033,42489,0,0
1391-1453-6828,85662,1044887,646308,82233,0,0,0,60910,0,0
1391-1453-7460,119557,1112686,616175,52176,0,0,0,19406,0,0
1394-1456-6838,128084,657878,803929,32150,205717,0,0,75263,0,16979
1395-1457-6845,144115,914948,808543,0,0,0,0,52394,0,0
1395-1457-6848,679792,868167,302153,0,0,0,0,69888,0,0
1395-1457-6849,31924,845300,997257,0,0,0,0,45519,0,0
1395-1457-6850,630979,945527,263442,0,0,0,0,80052,0,0
1396-1458-6854,592281,795488,437874,0,0,0,0,54388,0,39969
1396-1458-8247,210735,759242,792777,74240,0,0,6142,43632,0,33232
1396-1458-8249,651087,693459,511324,31533,0,0,5738,26859,0,0
1397-1459-6856,370919,1023022,398005,26008,0,0,0,102046,0,0
1397-1459-7821,493052,969398,310615,109577,0,0,0,37358,0,0
1397-1459-7822,766409,648559,387725,117307,0,0,0,0,0,0
1397-1459-9783,298310,1030994,389226,176073,0,0,19883,5514,0,0
1398-1460-6862,540161,666051,633130,0,0,0,0,80658,0,0
1398-1460-6863,490328,945992,382168,0,0,0,0,101512,0,0
1398-1460-6865,299501,974008,571565,0,0,0,0,74926,0,0
1398-1460-6866,322133,887027,641119,0,0,0,0,69721,0,0
14-14-75,413679,773624,661217,0,0,0,0,71480,0,0
140-143-652,241371,675744,968287,34598,0,0,0,0,0,0
1400-1462-6870,398967,814756,439680,0,178646,0,0,10077,0,77874
1401-1463-6875,304657,1225243,341035,0,0,0,0,49065,0,0
1401-1463-6876,186609,877087,793856,0,0,0,0,62448,0,0
1402-1464-6877,833246,502793,503793,0,0,0,25134,55034,0,0
1402-1464-6881,407977,447334,884350,0,0,0,21548,37083,0,121708
1402-1464-8059,385800,822707,535057,123635,0,0,52801,0,0,0
1403-1465-6882,455762,810402,512773,0,0,0,0,141063,0,0
1403-1465-6884,326486,972861,430516,0,0,0,30378,159759,0,0
1404-1466-6886,447937,924785,521156,0,0,0,0,26122,0,0
1404-1466-6887,19185,361798,1504396,0,0,0,0,34621,0,0
1404-1466-6888,393768,717922,741153,0,0,0,0,67157,0,0
1404-1466-6889,56337,1053824,693132,0,0,0,0,116707,0,0
1405-1467-6896,183692,1032750,490323,34110,116860,0,0,62265,0,0
1406-1468-6895,482261,732351,655531,37173,0,0,0,12684,0,0
1406-1468-6899,446598,835054,605085,33263,0,0,0,0,0,0
1406-1468-6900,549219,722298,612405,36078,0,0,0,0,0,0
1406-1468-6907,283835,723028,614978,38854,239670,0,0,19635,0,0
1407-1469-6904,53952,895243,846152,0,0,0,46725,77928,0,0
1407-1469-6905,393153,1105410,297539,0,0,0,48689,75209,0,0
1408-1470-6914,80387,765831,876401,0,0,0,157943,39438,0,0
1408-1470-6915,68974,615437,1176192,0,0,0,34734,24663,0,0
141-144-634,411472,845294,525188,0,0,0,114449,23597,0,0
1410-1472-6928,132497,1041089,429122,18914,0,0,244433,53945,0,0
1410-1472-7474,232252,904870,532921,25630,0,0,191120,33207,0,0
1411-1473-7446,522141,475333,539347,98106,204803,0,80270,0,0,0
1411-1473-7447,411245,509426,617017,98263,204755,0,79294,0,0,0
1412-1474-6945,153885,1124151,568847,0,0,0,0,73117,0,0
1412-1474-6946,464964,325024,379749,0,203446,544886,0,1931,0,0
1413-1475-6948,401119,729625,755218,0,0,0,0,34038,0,0
1415-1477-6956,437677,501157,873411,0,0,0,48680,59075,0,0
1415-1477-8450,199736,459370,1132387,30898,0,0,89980,7629,0,0
1415-1477-8462,122155,952405,678627,45605,0,0,114650,6558,0,0
1416-1478-6958,502911,1000439,333246,0,0,0,0,83404,0,0
1417-1479-6961,564705,727252,509668,0,0,0,0,118375,0,0
1417-1479-6962,507377,907048,440707,0,0,0,0,64868,0,0
1417-1772-8320,54354,699661,951960,47664,0,0,29968,70402,0,65991
1417-1772-8322,59250,703789,959369,47288,0,0,25060,66166,0,59078
1418-1480-6964,606215,503788,770316,0,0,0,0,39681,0,0
1419-12734-63291,327053,917904,517787,24617,0,0,98708,33931,0,0
1419-1481-7597,304175,886907,597515,40811,0,0,61767,28825,0,0
142-145-667,724819,951460,239205,0,0,0,0,4516,0,0
142-446-2310,72578,862080,878706,52021,0,0,0,54615,0,0
1420-1482-6967,202703,1292464,347774,0,0,0,0,77059,0,0
1421-1483-6969,512057,530463,822734,0,0,0,10461,44285,0,0
1422-1484-6974,206956,1094996,465878,48644,0,0,14871,88655,0,0
1423-1485-6978,527764,789021,481975,0,0,0,53682,67558,0,0
1425-1487-6999,63919,971816,735016,0,0,0,0,149249,0,0
1425-1487-7001,129216,1352092,321383,0,0,0,0,117309,0,0
1425-1487-7002,240928,995355,587070,0,0,0,0,96647,0,0
1425-1487-7004,74874,893607,843407,0,0,0,0,108112,0,0
1426-1488-7021,1243501,605070,36860,0,0,0,0,34569,0,0
1427-1489-7022,343701,991749,480817,0,0,0,0,103733,0,0
1428-1490-10101,196472,790354,797402,46615,0,0,47936,41221,0,0
1428-1490-7026,324425,530426,905589,0,0,0,114124,45436,0,0
1429-1491-17511,189118,751952,870471,0,0,0,0,108459,0,0
1429-1491-17512,112245,1029606,628415,0,0,0,0,149734,0,0
1429-1491-19100,137204,800492,743562,34745,0,0,101356,102641,0,0
1429-1491-19221,30954,647139,1109232,31366,0,0,49139,52170,0,0
1429-1491-69895,22675,344109,1444846,69365,0,0,36103,2902,0,0
1429-1491-7045,681687,687357,445502,0,0,0,0,105454,0,0
1429-1491-73442,578219,763800,513335,0,0,0,0,45090,19556,0
1429-1491-9395,328581,928210,599942,0,0,0,12917,50350,0,0
143-146-677,473804,585290,771112,0,0,0,41915,47879,0,0
1430-1492-7035,240448,872223,650801,70255,0,0,8585,77688,0,0
1431-1493-7036,246214,867146,794861,0,0,0,0,11779,0,0
1431-1493-7039,220298,971426,485575,0,0,0,197316,45385,0,0
1432-1494-7049,234523,1083429,555523,0,0,0,0,46525,0,0
1433-1495-51253,293846,926263,664222,0,0,0,0,35669,0,0
1434-1496-34180,708087,441330,652098,79491,0,0,38994,0,0,0
1434-1496-35966,533856,375557,936570,33104,31977,0,0,8936,0,0
1434-1496-35967,504112,358088,1032694,0,0,0,0,25106,0,0
1434-1496-35969,187592,267722,1442266,0,0,0,0,22420,0,0
1434-1496-7057,296085,807372,576839,0,207091,0,0,32613,0,0
1434-1496-7060,522969,921100,328744,32974,0,0,85477,28736,0,0
1434-1496-7061,35485,421697,1234815,13482,192828,0,0,21693,0,0
1434-1496-8143,529075,621859,387288,40056,325003,0,39,16680,0,0
1434-1496-8147,279935,787792,666118,23717,129613,0,0,32825,0,0
1435-1497-7065,207498,1161138,458869,0,0,0,0,92495,0,0
1436-1498-7069,847472,830515,177473,0,0,0,0,64540,0,0
1436-1498-7071,266666,923360,654841,0,0,0,0,75133,0,0
1437-1499-8461,387400,941710,438258,0,0,0,43289,109343,0,0
1438-1500-10059,100940,1110401,542642,31261,0,0,15382,93920,0,25454
1438-1500-7078,534198,924476,308674,0,0,0,19097,98828,0,34727
1439-1501-7079,407583,1019661,391457,41514,0,0,7709,52076,0,0
144-147-689,225857,554435,888519,10869,193879,0,0,46441,0,0
144-147-778,272760,628535,786338,30582,171765,0,0,30020,0,0
144-266-1489,226756,710485,621612,50058,275852,0,0,35237,0,0
1440-1502-7092,224808,1090414,542665,0,0,0,0,62113,0,0
1441-1503-7098,126148,839416,762305,75791,0,0,0,116340,0,0
1441-1503-9114,111625,1177786,432222,140627,0,0,44150,13590,0,0
1442-1504-51536,562345,521198,596362,5440,234655,0,0,0,0,0
1442-1504-51544,171904,703985,777306,13696,253109,0,0,0,0,0
1442-1504-51545,136730,1151371,576023,0,0,0,0,55876,0,0
1442-1504-7102,240134,1115732,490376,0,0,0,16353,57405,0,0
1442-1504-8534,366328,1058922,378387,74110,0,0,13624,28629,0,0
1442-1504-8535,337389,1080140,390108,78590,0,0,0,33773,0,0
1442-4937-24437,40379,835533,846447,26789,111735,0,0,35429,0,23688
1442-4937-25087,156143,781031,758987,71140,140312,0,0,12387,0,0
1444-1506-69964,463126,1162529,247809,0,0,0,0,46536,0,0
1444-1506-7121,468552,710326,640550,0,0,0,0,78937,0,21635
1444-1506-9149,506293,754140,541530,34827,0,0,0,46698,0,36512
1445-1507-10619,264378,802238,705547,59418,0,0,49444,38975,0,0
1445-1507-48647,114128,888268,836879,0,0,0,0,75609,0,5116
1445-1507-7125,174817,916971,751992,0,0,0,0,76220,0,0
1446-1508-7155,363018,784875,701546,0,0,0,44419,26142,0,0
1447-1509-7137,162835,922147,788425,0,0,0,0,46593,0,0
1447-1509-7138,190736,1062025,587722,0,0,0,0,79517,0,0
1448-1510-7150,151419,911658,770473,67468,0,0,0,18982,0,0
1449-1511-7154,272198,1050562,483436,0,0,0,65971,47833,0,0
145-148-3292,223716,875197,663583,74726,0,0,28078,54700,0,0
145-318-1793,86888,960576,829662,0,0,0,0,42874,0,0
145-7221-35460,89633,1049712,714933,0,0,0,0,65722,0,0
1450-1512-11414,701263,490096,591387,57852,0,0,73843,5559,0,0
1450-1512-14935,357081,616065,824710,58898,0,0,33492,29754,0,0
1450-1512-14938,316837,529131,821167,107676,0,0,145189,0,0,0
1450-1512-14941,292940,312284,1165942,71664,0,0,77170,0,0,0
1450-1512-16357,376861,770508,622706,76735,0,0,40934,32256,0,0
1450-1512-16359,508899,530239,796475,39930,0,0,0,31467,0,12990
1450-1512-7167,424047,524278,547258,0,424417,0,0,0,0,0
1450-1512-7171,281052,956606,646857,0,0,0,0,15623,0,19862
1450-1512-7172,560004,721000,356446,0,277220,0,0,5330,0,0
1450-1512-8463,41193,580607,1140168,47655,4700,0,73773,31904,0,0
1450-1986-12185,158307,835154,822438,32605,0,0,40303,31193,0,0
1450-1986-12187,321624,725469,860485,0,0,0,0,12422,0,0
1451-1513-7175,413925,705032,755012,3809,0,0,0,42222,0,0
1452-1514-7177,594445,853233,418009,0,0,0,14231,40082,0,0
1453-1515-23755,182371,1127967,503166,0,0,0,36895,69601,0,0
1453-1515-7180,530065,910320,430763,0,0,0,0,48852,0,0
1453-2717-12796,355013,1001485,526275,0,0,0,0,37227,0,0
1453-2717-24580,75716,942219,749689,83719,0,0,34437,34220,0,0
1454-1516-7182,175436,1090607,527201,0,0,0,25208,101548,0,0
1455-1517-7186,247514,876659,652722,28000,0,0,38828,76277,0,0
1456-1518-7191,623034,571052,684668,0,0,0,0,41246,0,0
1456-1518-7192,187508,809244,828774,0,0,0,0,94474,0,0
1457-1519-7196,148836,689745,1025899,0,0,0,0,55520,0,0
1458-1520-7195,287482,883998,593311,0,0,0,0,82928,0,72281
1458-1520-7990,236504,635446,937970,72979,0,0,0,3380,0,33721
1458-1880-8793,677239,623668,552254,66839,0,0,0,0,0,0
1458-1880-8795,68806,486879,1266569,61833,0,0,0,0,0,35913
1458-3894-18962,331012,329749,1125079,23017,0,0,0,67937,0,43206
1458-3894-19874,315368,630102,814435,78483,0,0,443,43562,0,37607
1458-3894-19876,131829,519394,1087714,101554,0,0,0,43873,0,35636
1459-1521-7198,396948,596818,668909,0,155085,0,0,79750,0,22490
146-149-718,79820,624399,1071943,23006,0,0,97818,23014,0,0
146-149-719,79501,623955,1071938,23006,0,0,98586,23014,0,0
1460-1522-7199,383187,420093,1015057,0,0,0,53066,48597,0,0
1460-1522-7520,733587,722464,345672,34949,0,0,46427,36901,0,0
1460-1522-7521,980571,452902,363732,36262,0,0,47067,39466,0,0
1460-1522-7523,585941,409520,818900,41306,0,0,35985,28348,0,0
1461-1523-7202,555033,770772,525908,0,0,0,0,22025,0,46262
1462-1524-7203,317892,901189,634825,0,0,0,0,66094,0,0
1463-1525-7208,554274,440567,881901,10242,0,0,0,33016,0,0
1463-1525-7209,336180,1011341,431093,0,0,0,0,39204,0,102182
1464-1526-7211,250902,447135,769956,0,435155,0,0,16852,0,0
1465-1527-7217,54689,805841,1039720,0,0,0,0,19750,0,0
1466-1528-7221,548523,437758,924738,0,0,0,0,8981,0,0
1467-1529-7225,60387,944273,863848,0,0,0,18637,32855,0,0
1468-1530-7227,117920,1035704,672210,0,0,0,0,48257,0,45909
1468-1530-7535,477782,844803,377269,46788,0,0,98952,25908,0,48498
1469-1531-7230,168399,979227,752942,0,0,0,0,19432,0,0
147-150-3138,91817,955309,652157,0,0,0,123194,49258,0,48265
147-150-3141,199996,1136768,533173,0,0,0,0,46671,0,3392
147-150-726,439220,730872,655811,80990,0,0,0,13107,0,0
1470-1532-7232,249478,850766,570791,68878,0,0,57162,29073,0,93852
1471-1533-7235,302209,1079091,513103,0,0,0,0,25597,0,0
1472-1534-20696,233028,1025035,499311,59883,0,0,78215,24528,0,0
1472-1534-7241,188067,1113186,572679,0,0,0,0,46068,0,0
1472-1534-8378,406231,1028681,432921,44055,0,0,871,7241,0,0
1473-1535-7247,692812,785911,392472,0,0,0,0,18393,0,30412
1474-1536-7257,197731,913663,540384,23323,207627,0,0,37272,0,0
1475-1537-36801,316704,400335,1168736,0,0,0,0,34225,0,0
1475-1537-9555,324130,1045632,409733,91007,0,0,0,49498,0,0
1476-1538-7266,1066012,675124,144571,0,0,0,0,34293,0,0
1476-1538-7267,664509,1028877,160973,0,0,0,0,65641,0,0
1477-1539-7268,129405,692337,1084057,0,0,0,0,14201,0,0
1478-1540-7270,430231,680143,531120,0,188484,0,0,90022,0,0
1479-1541-7272,244693,180820,1432457,0,0,0,0,21171,0,40859
148-151-745,830186,505171,479701,34308,0,0,58631,12003,0,0
1481-1543-13711,204256,803564,832182,65415,0,0,1392,13191,0,0
1481-1543-13713,358139,853336,645412,32543,0,0,0,30570,0,0
1481-1543-13716,588025,771399,491713,31098,0,0,0,37765,0,0
1481-1543-7278,171483,885548,763429,0,0,0,0,99540,0,0
1482-1544-7281,651107,836559,312148,28178,0,0,0,70087,0,21921
1482-1544-7283,551843,841061,344078,28338,0,0,74639,57761,0,22280
1483-1545-7284,38229,452223,1199551,40018,152557,0,8797,28625,0,0
1484-1546-7292,301930,1032235,466214,0,0,0,0,119621,0,0
1484-1546-7293,344427,1044681,402932,0,0,0,0,127960,0,0
1484-1546-7295,1058458,506202,283839,0,0,0,0,71501,0,0
1484-1546-7297,353420,1019157,438396,12961,0,0,0,96066,0,0
1485-1547-7303,335292,1113178,411929,0,0,0,0,59601,0,0
1486-10800-53150,633169,508627,745035,0,0,0,0,33169,0,0
1486-1548-7310,513632,969009,371086,0,0,0,0,66273,0,0
1486-1548-7311,122816,945602,791885,0,0,0,0,59697,0,0
1486-1548-8853,153134,947161,729846,54849,0,0,0,35010,0,0
1487-1549-7315,139031,1073440,632618,0,0,0,0,74911,0,0
1488-1550-7321,237549,985810,604521,36980,0,0,0,55140,0,0
1489-1551-7322,521262,692823,664661,0,0,0,0,41254,0,0
149-152-756,1069590,551638,165828,32403,0,0,86608,13933,0,0
149-152-768,46231,816800,934289,28747,0,0,74304,19629,0,0
149-152-772,69918,781804,929571,28122,0,0,82270,28315,0,0
1490-1552-8266,145969,883740,673029,29555,0,0,125160,62547,0,0
1491-1553-14479,74623,431329,1131521,38932,139299,0,68166,36130,0,0
1491-1553-50594,214398,653714,637409,25404,348252,0,19054,21769,0,0
1491-1553-50600,50231,523657,1016907,37069,280008,0,0,12128,0,0
1491-1553-50602,24501,402833,1312372,15439,153048,0,0,11807,0,0
1491-1553-7328,324931,682242,520109,39023,310517,0,0,43178,0,0
1492-1554-7329,90259,624557,1085247,0,245,0,98466,21226,0,0
1492-1554-7332,237422,765071,895245,0,0,0,0,22262,0,0
1493-1555-7333,359260,889120,623146,0,0,0,0,48474,0,0
1493-1555-7337,131631,909153,843435,0,0,0,0,35781,0,0
1493-1555-8527,682491,492161,498802,37627,0,0,0,37285,0,171634
1494-1556-7343,713637,232605,950784,0,0,0,0,22974,0,0
1495-1557-7352,155598,1273754,404172,0,0,0,0,86476,0,0
1496-1558-7356,67604,758139,994413,23185,0,0,35917,19657,0,21085
1496-1558-7357,253558,999861,528083,25449,0,0,53406,59643,0,0
1497-1559-7361,460202,818088,550752,0,0,0,0,90958,0,0
1498-1560-7367,642603,921313,310506,0,0,0,0,45578,0,0
1499-1561-7371,789744,817558,211815,0,0,0,59645,41238,0,0
15-15-79,72565,697939,1046092,84510,0,0,0,18894,0,0
15-15-80,489906,799778,569358,60958,0,0,0,0,0,0
15-15-82,583217,667778,512810,53907,0,0,102288,0,0,0
150-153-40984,373870,922553,480633,29796,0,0,51307,61841,0,0
150-153-785,191804,836645,799753,0,0,0,0,91798,0,0
150-5702-28343,91102,1036359,679971,0,0,0,23737,88831,0,0
150-5702-28344,191099,868066,839275,0,0,0,0,21560,0,0
1501-1563-7381,73851,978612,765160,0,0,0,55312,47065,0,0
1501-1563-7382,44545,877690,896846,0,0,0,46947,53972,0,0
1502-1564-65947,113039,564135,1182629,0,0,0,0,60197,0,0
1502-1564-65952,252413,1065449,516140,0,0,0,0,85998,0,0
1502-1564-66060,135129,1313496,340330,0,0,0,0,131045,0,0
1502-1564-66061,328395,971719,519863,0,0,0,0,100023,0,0
1502-1564-7386,182326,1135659,531306,0,0,0,0,70709,0,0
1504-1566-7394,154352,959151,743135,0,0,0,0,63362,0,0
1506-1568-7407,166997,663065,933627,0,0,0,114814,41497,0,0
1507-1569-7409,121969,834921,802976,0,444,0,65406,57355,0,36929
1508-1570-7416,213577,772265,887109,0,0,0,9518,37531,0,0
1509-1571-7418,15289,555013,1278320,44858,0,0,0,26520,0,0
1509-1571-7422,351961,731793,734710,48174,0,0,0,53362,0,0
151-154-2300,346866,880521,557445,35593,0,0,0,74190,0,25385
151-154-797,462409,796862,568757,0,0,0,0,76277,0,15695
1510-1572-7424,378481,886552,591291,8226,0,0,12395,43055,0,0
1511-1573-7427,310547,803671,716102,0,0,0,0,67392,0,22288
1512-1574-7431,387873,576751,655376,0,279099,0,0,20901,0,0
1513-1575-7435,203903,922022,751401,0,0,0,0,42674,0,0
1514-1576-7436,104404,655834,1026048,0,0,0,80592,48157,0,4965
1514-1576-7439,630968,641516,544679,0,0,0,24510,69757,0,8570
1517-1579-7449,818186,222603,868906,0,0,0,0,10305,0,0
1517-1579-7452,986689,243573,672669,0,0,0,0,17069,0,0
1518-1580-15252,163262,702901,398435,13507,570377,0,0,71518,0,0
1518-1580-7458,56484,766255,819212,81620,0,0,136206,60223,0,0
1519-1581-7476,450119,206790,1079855,23033,160203,0,0,0,0,0
152-155-800,164690,1301543,370100,0,0,0,25514,58153,0,0
152-155-801,256530,1072980,550695,0,0,0,8649,31146,0,0
152-449-2336,223095,1074085,475117,55483,0,0,39455,52765,0,0
1520-1582-7481,67491,790447,934750,0,0,0,0,127312,0,0
1521-1583-7484,271537,734427,808309,29083,0,0,55315,21329,0,0
1522-1584-7490,140246,528837,1152371,0,0,0,98546,0,0,0
1522-1584-7491,410988,712281,689643,39933,0,0,0,67155,0,0
1523-1585-7495,307439,1093410,477400,0,0,0,0,41751,0,0
1525-1587-7504,375677,928960,572646,0,0,0,0,42717,0,0
1526-1588-7509,481443,986697,382821,4894,0,0,50319,13826,0,0
1527-1589-7511,617610,958887,301067,0,0,0,0,42436,0,0
1528-1590-10392,142278,878732,768136,47220,0,0,80579,3055,0,0
153-157-806,619307,1032212,242776,0,0,0,0,25705,0,0
153-157-812,372164,627316,903776,0,0,0,0,16744,0,0
1530-1592-7530,90476,833845,949936,0,0,0,0,45743,0,0
1530-1592-7531,60946,737727,1056538,0,0,0,12923,51866,0,0
1531-1593-7533,150394,786619,755661,91623,0,0,135703,0,0,0
1532-1594-46328,190404,767528,867863,0,0,0,26844,67361,0,0
1532-1594-46329,217332,743028,807778,34069,0,0,61312,56481,0,0
1532-1594-61687,350092,930813,461036,15977,0,0,121689,40393,0,0
1532-1594-7540,97508,1009978,672355,59540,0,0,13790,66829,0,0
1532-1594-87441,223817,608417,931145,35371,0,0,61435,20495,0,39320
1532-9463-62011,130345,691671,943779,54821,0,0,46085,53299,0,0
1534-1596-10384,477806,937495,337484,85505,0,0,45706,36004,0,0
1534-1596-60247,327306,914509,527154,68176,0,0,43534,39321,0,0
1534-1596-7550,159603,775387,964220,0,0,0,0,20790,0,0
1536-1598-7558,222199,706570,829302,15336,0,0,0,107021,0,39572
1536-1598-7561,130027,845578,768177,17715,0,0,0,112153,0,46350
1536-1598-9045,150430,915742,671325,126116,0,0,0,19809,0,36578
1538-1600-7567,98276,826312,849198,23780,65542,0,0,56892,0,0
1539-1601-7576,388351,995765,355014,90793,48343,0,268,41466,0,0
154-158-817,274573,936282,627527,39095,0,0,0,42523,0,0
1540-1602-7573,274589,566155,1006352,0,0,0,43150,29754,0,0
1541-1603-7580,243645,838855,784858,0,0,0,0,52642,0,0
1542-1604-7581,100611,911734,833694,0,0,0,0,73961,0,0
1543-1605-7587,25713,749600,1100449,0,0,0,0,44238,0,0
1544-1606-7591,916465,669087,298053,0,0,0,0,36395,0,0
1544-1606-7593,494632,978758,409892,0,0,0,0,36718,0,0
1544-1606-7596,662778,730282,490169,0,0,0,0,36771,0,0
1545-1607-7603,101280,955516,776226,0,0,0,0,86978,0,0
1546-1608-7606,172588,1173532,511424,0,0,0,0,62456,0,0
1546-1608-8562,206558,1172855,442113,39248,0,0,0,59226,0,0
1548-1610-7613,418572,597440,758232,26765,0,0,84385,34606,0,0
1549-1611-7616,406793,744884,426998,0,277656,0,0,35320,0,28349
1549-1611-7617,392932,741489,489861,0,191688,0,0,37796,0,66234
155-159-3007,331343,1090780,403070,33305,0,0,22040,39462,0,0
155-159-3008,238117,1183981,422553,17978,0,0,28605,28766,0,0
155-159-3009,424223,955144,424256,63631,0,0,0,52746,0,0
155-159-3010,500717,928218,336234,76342,0,0,0,78489,0,0
155-159-3015,261329,1090487,444760,40296,0,0,37536,45592,0,0
155-159-3016,651236,683766,446234,63622,0,0,31485,43657,0,0
155-159-3017,286115,989671,507164,23283,0,0,98176,15591,0,0
1550-1612-7618,234449,858553,686135,56713,0,0,49531,34619,0,0
1550-1612-7622,368464,728574,742478,50520,0,0,29964,0,0,0
1551-1613-7624,202007,778642,653860,0,181658,0,17869,85964,0,0
1552-1614-7627,461866,881059,507459,0,0,0,0,69616,0,0
1553-1615-7632,369330,1016850,477814,0,0,0,0,56006,0,0
1554-1616-10300,46654,736423,970165,91532,0,0,0,75226,0,0
1554-1616-8693,377808,833795,572680,89438,0,0,0,46279,0,0
1555-1617-7635,185522,835441,737897,53447,0,0,77314,30379,0,0
1556-1618-7645,113039,223,1806738,0,0,0,0,0,0,0
1557-1619-7647,109633,1013022,695001,0,0,0,12318,90026,0,0
1557-1619-7652,73804,1109361,518993,4,0,0,0,140298,77540,0
1558-1620-7658,142872,956586,782972,0,0,0,4936,32634,0,0
1558-1620-7661,238732,923870,687422,0,0,0,23524,46452,0,0
1558-1620-9111,165939,891972,719945,39321,0,0,44502,58321,0,0
1559-1621-7664,35916,951135,833682,0,0,0,18085,81182,0,0
156-160-818,516476,909808,400726,0,0,0,0,43047,0,49943
1560-1622-7666,23219,832760,996165,0,0,0,0,37191,0,30665
1561-1623-7667,189066,686382,996021,0,0,0,0,48531,0,0
1563-1625-14912,177743,964269,628550,23577,0,0,108023,17838,0,0
1563-1625-14913,972302,777812,148610,0,0,0,0,21276,0,0
1563-1625-14914,261155,1164669,473797,0,0,0,0,20379,0,0
1563-1625-7682,134092,1011902,637433,47309,0,0,34887,54377,0,0
1564-1626-7673,320588,988938,505044,0,0,0,0,105430,0,0
1564-1626-7675,217135,1011868,620626,0,0,0,0,70371,0,0
1565-1627-7677,378762,1047650,468051,0,0,0,0,25537,0,0
1565-1627-9702,391011,821936,596889,41276,0,0,0,48519,0,20369
1566-1628-7686,256993,1089624,504925,0,0,0,0,68458,0,0
1567-1629-7690,240158,1093776,455706,0,0,0,58986,71374,0,0
1568-1630-7695,424703,596017,689155,30852,0,0,100608,51579,0,27086
1569-1631-34997,89148,1029999,754847,4560,0,0,16868,24578,0,0
1569-1631-35885,294340,1015377,493606,82537,0,0,34140,0,0,0
157-161-821,268792,1041687,571466,0,0,0,0,38055,0,0
157-161-823,229256,1144033,490636,0,0,0,0,56075,0,0
157-161-907,534800,919384,412297,0,0,0,0,53519,0,0
1570-1632-7702,163042,985928,710623,0,0,0,0,60407,0,0
1570-1632-7704,561360,1050286,267214,0,0,0,0,41140,0,0
1571-1633-7710,169142,868182,829041,0,0,0,0,53635,0,0
1572-1634-7712,273962,1076196,462250,0,0,0,34024,73568,0,0
1572-1634-9236,393085,944752,410130,55349,0,0,74089,42595,0,0
1573-1635-7713,104886,970467,763916,0,0,0,0,80731,0,0
1574-1636-7717,348409,841839,686348,0,0,0,0,43404,0,0
1575-1637-7722,107171,808570,949411,0,0,0,0,54848,0,0
1576-1638-29274,344092,1024061,424349,0,0,0,106828,20670,0,0
1576-1638-29275,851167,733078,236123,0,0,0,87778,11854,0,0
1576-1638-7729,453254,662396,729501,0,0,0,0,68378,0,6471
1576-1638-9936,296625,972972,532107,54859,0,0,0,63437,0,0
1577-1639-7733,558170,377249,984581,0,0,0,0,0,0,0
1578-1640-7735,136918,1074004,586908,0,0,0,0,122170,0,0
1579-1641-7737,320888,641466,895519,0,0,0,0,62127,0,0
1579-1641-9133,144728,688121,990226,42579,0,0,0,54346,0,0
158-162-825,791355,732042,353793,0,0,0,0,42810,0,0
1581-1643-7742,199545,940663,571960,52759,0,0,29898,125175,0,0
1582-1644-7744,377076,589749,861644,14394,0,0,0,77137,0,0
1583-1645-39145,268853,829585,601376,46059,0,0,124855,49272,0,0
1583-1645-39147,216570,948631,604736,0,0,0,36065,113998,0,0
1583-1645-40242,60580,664146,1015237,33017,0,0,110166,36854,0,0
1583-1645-7747,182423,1014165,664793,0,0,0,0,58619,0,0
1584-1646-7750,165367,1007871,667926,0,0,0,0,78836,0,0
1586-1648-7758,545331,865129,381862,0,0,0,0,61752,0,65926
1587-1649-7763,133083,1041568,441337,65864,151703,0,0,86445,0,0
1588-1650-7770,296739,1124352,433618,0,0,0,0,65291,0,0
1589-1651-7776,498870,844033,512096,0,0,0,0,65001,0,0
159-163-1862,746420,605395,526429,0,0,0,0,41756,0,0
159-163-1865,406503,916292,389982,123773,0,0,83450,0,0,0
1590-1652-7778,444715,783864,584693,0,0,0,0,106728,0,0
1591-1653-7781,163998,813173,923570,0,0,0,0,19259,0,0
1591-1653-7783,195943,793380,904812,0,0,0,0,25865,0,0
1593-1655-7789,531262,852461,444145,45070,0,0,27609,19453,0,0
1593-1655-7791,539926,905233,308951,64919,0,0,84254,16717,0,0
1593-1655-7793,549358,915711,306950,65692,0,0,67790,14499,0,0
1594-1656-7798,310597,876870,662871,0,0,0,0,69662,0,0
1594-1656-7799,674381,793019,397568,0,0,0,0,55032,0,0
1595-1657-7803,378682,1029622,455816,0,0,0,0,55880,0,0
1596-1658-7804,695553,574202,604333,0,0,0,0,45912,0,0
1596-1658-9160,430539,392763,950666,84124,0,0,61908,0,0,0
1596-1658-9161,331247,621855,863770,56105,0,0,18266,28757,0,0
1597-1659-7807,307559,630161,925611,0,0,0,12291,44378,0,0
1597-1659-8963,27527,391431,1454114,27231,0,0,0,19697,0,0
1597-1659-8967,43206,453352,1353722,29111,0,0,0,40609,0,0
1598-1660-7816,136736,667668,864093,92194,0,0,20019,14873,0,124417
16-16-86,177063,886992,664172,0,0,0,0,191773,0,0
16-16-87,137657,930325,747106,0,0,0,0,104912,0,0
160-164-853,719377,579934,522645,0,0,0,0,98044,0,0
1600-1662-7813,509363,771483,554004,0,0,0,0,85150,0,0
1600-1662-8365,348197,731970,759506,30400,0,0,0,49927,0,0
1602-1664-7815,241142,1137569,430915,0,0,0,0,110374,0,0
1603-1665-7819,209964,1020550,558242,139,0,0,73505,57600,0,0
1604-1666-7824,29466,712051,1146805,0,0,0,0,31678,0,0
1604-1666-7831,42614,681256,1173640,0,0,0,0,22490,0,0
1604-1666-8955,151806,876324,820425,61028,0,0,0,10417,0,0
1605-1667-7836,207147,942997,715874,0,0,0,0,53982,0,0
1605-1667-7837,145023,977435,733636,0,0,0,0,63906,0,0
1606-1668-7843,1099006,567625,134002,0,0,0,76947,42420,0,0
1607-1669-58316,297221,942430,458267,1253,0,0,112908,41669,0,66252
1607-1669-58323,99527,759965,921892,0,0,0,37291,38459,0,62866
1607-1669-59289,88019,806839,839827,75644,0,0,74768,6716,0,28187
1607-1669-7845,289611,914942,540576,40762,0,0,101626,32483,0,0
1607-1669-8118,346873,992351,507530,0,0,0,0,73246,0,0
1607-1669-8128,834202,416062,546250,89482,0,0,34004,0,0,0
1607-1669-8129,361510,797093,511002,104924,0,0,117876,15088,0,12507
1608-1670-7847,126915,637187,1128850,0,0,0,0,27048,0,0
1609-1671-7849,78575,1050917,728791,0,0,0,0,61717,0,0
1609-1671-9019,23402,915510,848177,86929,0,0,0,45982,0,0
161-165-866,732600,561457,528764,49604,34515,0,0,13060,0,0
1610-1672-7851,372682,426026,501803,0,568786,0,0,50703,0,0
1610-1672-8390,204343,653833,258757,25309,733641,0,0,44117,0,0
1610-1672-8391,55777,596094,609921,21657,563014,0,0,42020,0,31517
1611-1673-14802,180794,1055539,534259,61081,0,0,0,62093,0,26234
1611-1673-7853,202021,998745,620184,0,0,0,0,99050,0,0
1611-1673-9014,264792,1194397,401380,34389,0,0,0,25042,0,0
1612-1674-9174,303636,1017191,520129,21977,0,0,0,57067,0,0
1612-1674-9175,243049,1007759,501012,39912,0,0,68911,59357,0,0
1613-1675-7862,242487,903314,599495,0,117166,0,0,57538,0,0
1615-1677-7871,99962,1032170,695937,0,0,0,0,47678,0,44253
1615-1677-7880,290738,1151062,429308,0,185,0,0,48707,0,0
1617-1679-10450,105012,857582,700106,110328,0,0,96181,16422,0,34369
1617-1679-7903,57166,497272,1285451,40006,0,0,0,25731,0,14374
1617-1679-9407,232383,623412,836325,36261,0,0,175474,16145,0,0
1618-1680-7889,414289,940851,518579,0,0,0,0,46281,0,0
1618-1680-7892,424865,888904,536458,0,0,0,0,69773,0,0
1618-1680-7894,245724,896596,729363,0,0,0,0,48317,0,0
1618-1680-7895,195639,1217998,422518,0,0,0,0,83845,0,0
1618-1680-7896,53789,654584,1160590,0,0,0,0,51037,0,0
1618-1680-9239,106739,867284,877834,25584,0,0,26891,15668,0,0
1618-1680-9240,415881,960293,466449,33894,0,0,0,43483,0,0
1619-1681-7905,789388,654128,388966,0,0,0,0,64013,0,23505
162-166-883,471210,656571,725503,43167,0,0,0,23549,0,0
1620-1682-7906,108724,1078713,561268,0,0,0,59611,111684,0,0
1621-1683-7908,299814,989595,501683,0,0,0,67699,61209,0,0
1622-1684-7914,955196,467824,496980,0,0,0,0,0,0,0
1622-1684-7916,655289,583945,635999,0,0,0,0,44767,0,0
1622-1684-7918,407474,594434,867420,0,0,0,0,50672,0,0
1623-1685-7919,362253,370392,1165942,6250,0,0,0,15163,0,0
1623-1685-7920,232982,358579,1274868,27063,0,0,0,0,0,26508
1624-1686-7934,558820,382047,955317,0,0,0,0,23816,0,0
1626-1688-7937,301462,796252,418496,58366,313761,0,0,31663,0,0
1627-1689-7941,210101,733485,875985,0,0,0,0,46943,0,53486
1628-1690-7944,541541,599888,709596,0,0,0,0,68975,0,0
1629-1691-7949,217719,1195291,346228,79308,0,0,0,81454,0,0
1629-1691-7951,69387,715336,1003012,65965,0,0,0,66300,0,0
1630-1692-7959,552982,918051,387549,0,0,0,37273,24145,0,0
1631-1693-7978,572595,827588,484900,0,0,0,0,34917,0,0
1632-1694-7993,306654,1073370,513712,0,0,0,0,26264,0,0
1634-1696-7997,920905,73846,925249,0,0,0,0,0,0,0
1635-10667-53621,219954,1130015,489882,58219,0,0,0,21930,0,0
1635-10667-53622,110330,994794,721732,50067,0,0,0,11686,0,31391
1635-1697-8004,126949,1035752,700464,0,0,0,0,56835,0,0
1635-1697-9596,72393,932532,821548,60192,0,0,0,33335,0,0
1635-1697-9599,64554,786234,1000182,37387,0,0,17756,13887,0,0
1636-1698-8005,754181,855260,238806,0,0,0,0,71753,0,0
1636-1698-8008,83691,899715,859286,0,0,0,0,77308,0,0
1637-1699-8009,103766,942039,786106,0,0,0,0,88089,0,0
1639-1701-8014,330153,912682,550166,43910,0,0,25580,57509,0,0
164-168-898,416518,953064,486555,0,0,0,28224,35639,0,0
1640-1702-8020,86828,942202,822243,0,0,0,16731,51996,0,0
1641-1703-8024,211695,1060936,561642,0,0,0,0,85727,0,0
1641-1703-8025,44131,822769,971888,0,0,0,0,81212,0,0
1642-1704-8708,505801,894257,407075,62516,0,0,0,50351,0,0
1643-1705-8029,360936,1168315,319753,0,0,0,0,70996,0,0
1645-1707-10368,87059,883142,794171,31715,0,0,79957,43956,0,0
1645-1707-8037,20024,909302,929809,0,0,0,0,60865,0,0
1645-1707-8038,420450,623030,853918,0,0,0,0,22602,0,0
1645-1707-8039,305012,648837,935595,0,0,0,0,30556,0,0
1647-1709-8045,23439,977370,880167,0,0,0,0,39024,0,0
1647-1709-8047,84475,1119062,640903,0,0,0,0,75560,0,0
1648-1710-8054,912212,379992,566203,0,18246,0,0,43347,0,0
1648-1710-8055,127995,921999,758072,0,0,0,0,111934,0,0
1649-1711-8066,438587,757404,571041,0,0,0,17115,94824,0,41029
1649-1711-8067,898291,880433,57278,0,0,0,19291,64707,0,0
1650-1712-10497,345522,920585,508589,35417,0,0,51955,57932,0,0
1650-1712-8068,346616,936378,575948,0,0,0,0,61058,0,0
1650-1712-8069,353352,929840,573990,0,0,0,0,62818,0,0
1651-1713-8072,67252,833131,756998,0,0,0,0,149535,0,113084
1651-1713-9583,63928,713448,877251,50518,0,0,0,80131,0,134724
1652-1714-8077,43209,1032147,790363,0,0,0,29936,24345,0,0
1652-1714-8078,48827,1069529,728625,0,0,0,35489,37530,0,0
1653-1715-8080,725645,425761,725386,0,0,0,0,43208,0,0
1654-1716-9187,191497,956134,680495,28466,0,0,0,63408,0,0
1655-1717-31711,110554,892374,807391,37392,0,0,30451,41838,0,0
1655-1717-33529,176192,846845,697534,145108,0,0,31310,23011,0,0
1655-1717-8085,106911,1196951,497728,0,0,0,0,118410,0,0
1657-1719-8088,275767,775633,691525,45539,0,0,67258,64257,0,21
1658-1720-8093,287390,545692,988579,44762,0,0,29770,23807,0,0
1658-1720-8101,371976,550919,866721,32702,0,0,73328,24354,0,0
1659-1721-8097,119354,934588,805169,0,0,0,0,60889,0,0
166-170-72742,547800,426308,499042,0,408265,0,0,38585,0,0
166-170-74008,900830,313375,629475,37523,0,0,38797,0,0,0
166-170-927,576910,628709,669151,0,0,0,0,45230,0,0
1660-1722-8106,587462,732689,427643,0,0,0,113880,58326,0,0
1660-1722-8108,26839,589116,1202686,0,0,0,75841,20793,0,4725
1661-1723-8109,240824,533635,1041381,0,0,0,0,47133,0,57027
1661-1723-8111,487658,1161953,145415,0,0,0,1070,67773,0,56131
1662-1724-8112,449187,846222,577293,0,0,0,0,47298,0,0
1664-1726-8117,443041,792691,617815,0,0,0,0,66453,0,0
1664-1726-9076,876725,385502,597403,54980,0,0,0,5390,0,0
1666-1728-8132,194882,1068336,636272,0,0,0,0,20510,0,0
1667-1729-10230,296115,964327,552076,38013,0,0,49555,19914,0,0
1667-1729-10231,277700,1028074,505068,21123,0,0,49718,38317,0,0
1667-1729-10232,216910,753239,858604,33474,0,0,50275,7498,0,0
1667-1729-8136,254397,948487,663538,0,0,0,0,53578,0,0
1667-1729-9737,893044,661661,257386,29128,0,0,69258,9523,0,0
1667-1729-9738,1036405,510730,294503,36148,0,0,39678,2536,0,0
1667-2813-13266,707587,733425,334522,30993,0,0,103618,9855,0,0
1667-2813-13269,753382,665974,377351,51543,0,0,71750,0,0,0
1669-1731-8141,332731,691747,863605,0,0,0,0,31917,0,0
167-171-1653,449153,915200,452844,19393,0,0,38192,45218,0,0
1670-1732-53976,100494,969627,763372,0,0,0,58135,28372,0,0
1670-1732-55487,132770,966477,715136,36457,0,0,51153,18007,0,0
1670-1732-8152,107202,1014306,742150,0,0,0,0,56342,0,0
1670-1732-8155,34729,811893,1038253,0,0,0,0,35125,0,0
1670-1732-9734,286388,1009927,580653,17221,0,0,7455,18356,0,0
1671-1733-8158,140502,685259,975757,58398,0,0,50092,9992,0,0
1672-1734-8161,578725,906394,331035,0,0,0,22878,80968,0,0
1672-1734-9570,67610,888347,832984,65432,0,0,0,65627,0,0
1673-1735-8162,306463,1083629,464935,0,0,0,0,64973,0,0
1673-1735-8165,307106,869838,686790,0,0,0,0,56266,0,0
1673-1735-9753,476096,818565,489044,37290,0,0,59186,39819,0,0
1674-1736-8168,604799,847144,444290,0,0,0,0,23767,0,0
1675-1737-8172,136833,827147,875637,0,0,0,0,80383,0,0
1675-1737-8173,248114,1070647,491307,0,0,0,0,45190,0,64742
1676-1738-8178,72180,1146708,566577,64825,0,0,19990,49720,0,0
1678-1740-9184,255094,682025,867941,49458,0,0,0,65482,0,0
1679-1741-8199,178826,1129802,476771,73928,0,0,0,60673,0,0
168-172-82945,460944,998587,381599,0,0,0,0,78870,0,0
168-172-83715,435368,815713,553210,35766,0,0,61348,18595,0,0
168-172-949,54842,787113,1039986,0,0,0,0,38059,0,0
1680-1742-8193,281294,929002,412702,51945,87994,0,45972,56993,0,54098
1680-1742-8194,379436,636320,731580,42423,0,0,43456,23035,0,63750
1682-1744-8196,40949,755522,1072983,0,0,0,0,50546,0,0
1682-1744-8198,90684,1070205,647171,0,0,0,0,111940,0,0
1682-1744-9736,154368,887654,730590,49380,0,0,0,98008,0,0
1684-1746-8209,765504,529534,443256,0,0,0,0,28861,0,152845
1684-1746-8210,89852,455448,1168053,0,0,0,26414,32774,0,147459
1685-1747-8216,202294,925772,715539,0,0,0,0,76395,0,0
1687-1749-8223,298901,462974,1132638,0,0,0,0,25487,0,0
1689-1751-8233,393437,929217,559726,0,0,0,0,37620,0,0
1689-2166-10255,105254,536439,1189294,44647,0,0,41167,3199,0,0
1689-2837-13396,300757,841845,560236,0,0,0,111878,105284,0,0
169-173-15828,152166,996753,699268,0,0,0,27365,44448,0,0
1692-1754-8242,652710,550298,597829,37121,0,0,67827,14215,0,0
1694-1756-8254,635992,477199,738641,0,0,0,15282,52886,0,0
1695-1757-57584,282019,771236,448041,52611,239333,0,67601,59159,0,0
1695-1757-8255,221957,975427,499660,0,0,0,98189,124767,0,0
1696-1758-8258,216040,1032929,613842,0,0,0,0,57189,0,0
1697-1759-27664,452942,967300,435549,30606,0,0,19330,14273,0,0
1697-1759-27665,450654,861916,558676,26502,0,0,0,22252,0,0
1697-1759-28435,198616,757271,876383,63127,0,0,6746,17857,0,0
1697-1759-28437,235569,1025747,595093,48214,0,0,0,15377,0,0
1697-1759-8260,173501,1070879,622892,0,0,0,0,52728,0,0
1698-1760-8265,155676,1170967,571229,0,0,0,0,22128,0,0
1699-1761-8268,56935,771416,1029525,0,0,0,0,62124,0,0
17-17-90,670601,437560,771844,0,0,0,0,39995,0,0
170-174-960,530148,1193755,183395,0,0,0,0,12702,0,0
1700-1762-8272,770717,260103,840797,0,0,0,0,33052,0,15331
1702-1764-8279,55031,1072381,577026,75542,0,0,97912,42108,0,0
1703-1765-8286,294302,981571,549329,0,0,0,45273,49525,0,0
1704-1766-8289,720083,0,1199917,0,0,0,0,0,0,0
1705-1767-8297,110996,1110068,667412,0,0,0,0,31524,0,0
1705-1767-8298,365573,1075934,446972,0,0,0,0,31521,0,0
1705-1767-8299,240217,1103852,528957,0,0,0,0,46974,0,0
1705-1767-8300,128322,784608,940506,0,0,0,23419,43145,0,0
1706-1768-8306,456138,790637,584458,0,0,0,0,88767,0,0
1706-1768-8309,343396,1170107,270531,0,56425,0,0,79541,0,0
1706-1768-9258,118564,642905,1047208,33464,0,0,0,77859,0,0
1706-1768-9262,573638,405264,883482,33075,0,0,0,24541,0,0
1708-1770-8353,103966,291519,1498823,0,0,0,7491,18201,0,0
1708-1770-8354,126949,778042,816580,0,0,0,17426,43693,0,137310
1708-1770-8355,62809,740688,1051409,0,0,0,9962,55132,0,0
1709-1771-8316,472989,349644,642057,18032,437278,0,0,0,0,0
171-175-971,65519,790385,1008230,0,0,0,32747,23119,0,0
171-5007-24804,451320,927063,501298,15299,0,0,0,25020,0,0
1710-1773-8323,348847,403407,1125413,21931,0,0,0,20402,0,0
1711-1774-8324,245138,998906,652033,0,0,0,0,23923,0,0
1711-1774-8325,405078,1109203,389276,0,0,0,0,16443,0,0
1711-1774-8327,435530,1114668,349979,0,0,0,0,19823,0,0
1712-1775-8329,703977,622276,546167,0,0,0,0,47580,0,0
1712-1775-9898,586009,751822,457602,40147,0,0,0,84420,0,0
1713-1776-8400,449159,930434,496164,0,0,0,0,44243,0,0
1714-1777-77286,192189,875219,685099,67258,0,0,82577,17658,0,0
1714-1777-8346,221666,860330,731721,11809,0,0,68475,25999,0,0
1714-1777-9510,349548,888647,637174,25549,0,0,0,19082,0,0
1716-1779-11656,187601,1149092,511360,23260,0,0,0,48687,0,0
1716-1779-14844,267718,1330894,254665,6888,0,0,0,59835,0,0
1716-1779-14845,164797,1195043,491499,0,0,0,0,68661,0,0
1716-1779-15831,201225,1198409,432962,42852,0,0,0,44552,0,0
1716-1779-8363,217049,1360282,276534,0,0,0,0,66135,0,0
1717-1780-8366,170542,1163330,509021,0,0,0,30226,46881,0,0
1719-1782-8372,619358,593016,623670,0,0,0,33031,50925,0,0
172-176-974,58526,739685,1021435,0,0,0,0,43391,0,56963
1720-1783-8374,497004,1062222,296758,0,0,0,0,64016,0,0
1720-1783-8376,238010,1097438,544534,0,0,0,0,40018,0,0
1721-1784-8381,215877,702411,644382,47272,290882,0,0,19176,0,0
1723-1786-8388,725931,555841,626031,0,0,0,0,12197,0,0
1723-1786-8389,149278,863093,732835,26511,0,0,99802,48481,0,0
1724-1787-8394,431372,627637,747372,25963,0,0,81025,6631,0,0
1725-1788-8395,256898,497135,605505,42591,430815,0,18520,25800,0,42736
1725-1788-8398,520085,619131,463820,28510,238781,0,18808,16423,0,14442
1726-1789-80909,562694,544431,688633,0,0,0,100277,23965,0,0
1726-1789-80910,168419,785414,763625,0,0,0,146444,56098,0,0
1726-1789-80911,486451,1013487,211045,0,0,0,151009,58008,0,0
1726-1789-8401,349599,873560,629598,0,0,0,0,67243,0,0
1726-1789-8402,132699,1307088,432683,0,0,0,0,47530,0,0
1726-1789-9927,236115,675182,949550,41278,0,0,0,17875,0,0
1726-1789-9928,62656,1032753,728590,58176,0,0,11042,26783,0,0
1727-1790-8406,224346,1005725,539926,0,0,0,0,150003,0,0
1728-1791-8416,285758,1023264,586265,0,0,0,0,24713,0,0
1728-1791-8418,327550,722031,798993,0,0,0,35592,35834,0,0
1729-1792-8422,167109,852775,822606,0,0,0,15582,61928,0,0
1729-5525-27412,249254,1094326,497634,0,0,0,11873,66913,0,0
173-177-10206,213263,769669,772891,53341,0,0,0,110836,0,0
173-177-49856,97391,835269,848055,0,0,0,173,49078,90034,0
173-177-92576,49730,1016628,747692,0,0,0,42323,63627,0,0
173-177-976,604675,811667,373933,0,0,0,14197,115528,0,0
173-511-2557,380611,774520,650065,37228,0,0,7958,69618,0,0
1730-1793-8424,581033,557341,752004,0,0,0,0,29622,0,0
1731-1794-8426,319507,619582,921080,0,0,0,0,55029,0,4802
1733-1796-8435,486518,768011,643685,0,0,0,0,21786,0,0
1735-1798-8440,65599,753344,1030817,0,0,0,0,46723,0,23517
1736-1799-8444,446567,1027517,417598,0,0,0,0,28318,0,0
1736-1799-8446,428690,1146601,287125,0,0,0,0,39573,0,18011
1737-1800-8449,400828,1021802,445704,0,0,0,0,51666,0,0
1738-1801-8458,334611,769850,734956,0,0,0,0,73514,0,7069
1739-1802-8465,528929,897065,445526,0,0,0,0,48480,0,0
1739-1802-8469,544073,473800,899594,0,0,0,0,2533,0,0
1739-1802-8470,384111,755247,729250,0,0,0,0,51392,0,0
174-178-978,439538,406202,730562,23426,264410,0,43434,12428,0,0
1740-1803-8472,49551,828668,1010263,0,0,0,0,31518,0,0
1741-1804-8476,171969,1104181,609165,0,0,0,0,34685,0,0
1741-1804-8477,112419,986980,793615,0,0,0,0,26986,0,0
1742-1805-8479,833235,786964,289963,0,0,0,0,9838,0,0
1742-1805-8482,676723,735854,494698,0,0,0,0,12725,0,0
1744-1807-8492,146470,929302,767860,0,0,0,27617,48751,0,0
1744-1807-8493,179799,996362,624464,0,0,0,28737,90638,0,0
1745-1808-8494,218988,1154703,404263,2932,0,0,0,139114,0,0
1746-1809-8501,456896,700704,703580,46335,0,0,0,12485,0,0
1747-1810-8497,833061,969506,117433,0,0,0,0,0,0,0
1747-1810-8498,569958,993319,345696,0,0,0,0,11027,0,0
1748-1811-8503,237616,921941,682365,0,0,0,0,78078,0,0
1749-1812-8506,177386,959202,737291,0,0,0,0,46121,0,0
175-179-42574,318718,841028,709741,8914,0,0,0,41599,0,0
175-179-980,416141,805343,574727,71689,0,0,35128,16972,0,0
1750-1813-10282,137350,943500,736715,60403,0,0,0,42032,0,0
1750-1813-8508,232583,1134919,478930,0,0,0,0,73568,0,0
1751-1814-8509,511589,548361,778318,20487,0,0,0,61245,0,0
1751-1814-8518,528963,749703,489062,84882,0,0,0,50751,0,16639
1753-1816-8517,483245,972017,449453,0,0,0,0,15285,0,0
1754-1817-8519,467588,1082824,332781,0,0,0,0,36807,0,0
1754-1817-8520,235670,1292068,328790,0,0,0,0,63472,0,0
1755-1818-8522,195530,1147501,515733,0,0,0,0,61236,0,0
1756-1819-9493,230994,750789,826994,26118,0,0,21328,45934,0,17843
1757-1820-8529,95409,1095467,649443,0,0,0,0,79681,0,0
1757-1820-8531,95276,1107451,643303,0,0,0,0,73970,0,0
1757-1820-9478,60551,1147671,644328,46958,0,0,0,20492,0,0
1758-1821-8537,133274,951111,800941,0,0,0,0,34674,0,0
1759-1822-8538,52617,771937,973808,0,0,0,0,109612,0,12026
1759-1822-8958,48538,806137,887949,46571,0,0,0,99198,0,31607
1759-1822-8969,57424,754331,994090,37757,0,0,0,67620,0,8778
176-180-981,166916,1088938,508220,68728,0,0,19746,67452,0,0
1761-1824-8543,283051,1046443,473260,30190,0,0,50914,36142,0,0
1761-1824-8544,215440,987562,561984,0,0,0,17302,114731,0,22981
1762-1825-8557,348930,1071429,429382,0,0,0,0,70259,0,0
1763-1826-8565,395623,837816,635624,0,0,0,0,18933,0,32004
1764-1827-9724,367720,955247,522162,0,0,0,50570,24301,0,0
1764-1827-9727,757112,812944,248988,44065,0,0,46732,10159,0,0
1765-1828-8575,378815,665368,823066,0,0,0,0,52751,0,0
1765-1828-9508,215871,724353,909625,18598,0,0,0,51553,0,0
1766-1829-8585,96628,868894,902452,0,0,0,0,52026,0,0
1767-1830-8590,729607,1036660,94398,0,0,0,0,59335,0,0
1768-1831-8595,121510,489797,1278222,0,0,0,0,30471,0,0
1769-1832-8602,96969,1058336,595727,0,0,0,0,168968,0,0
177-181-986,318597,727502,399160,0,386991,0,0,80907,0,6843
1771-1834-8609,442192,565325,885836,0,0,0,0,26647,0,0
1772-1835-10913,256263,1071117,445557,97128,0,0,14721,35214,0,0
1773-1836-8616,148693,1098353,511100,0,0,0,0,77285,0,84569
1774-1837-8620,720248,705632,462855,0,0,0,0,31265,0,0
1774-1837-8621,240839,1269081,353763,0,0,0,0,56317,0,0
1776-1840-8630,523066,585929,578930,10529,140408,0,28483,52655,0,0
1778-1842-8637,173701,1259565,417639,0,0,0,0,69095,0,0
1779-1843-8641,44270,992346,788896,0,0,0,4277,90211,0,0
178-182-13248,73473,873236,902607,58553,0,0,0,12131,0,0
178-182-992,264359,964948,678593,0,0,0,0,12100,0,0
178-182-993,429342,688417,696688,0,0,0,0,105553,0,0
1780-1844-8644,580863,389179,865193,13802,0,0,0,41576,0,29387
1783-1847-8653,294515,781715,727508,0,0,0,15017,101245,0,0
1784-1848-8659,197497,867605,771501,0,0,0,0,83397,0,0
1784-1848-8660,556365,846677,460968,0,0,0,0,55990,0,0
1786-1850-8665,408918,1110642,308098,0,0,0,38284,54058,0,0
1787-1851-8668,168975,947940,585598,57874,0,0,108597,51016,0,0
1788-1852-8670,631862,658817,617037,0,0,0,0,12284,0,0
179-183-994,249393,981844,574347,23255,0,0,55192,35969,0,0
179-183-996,764507,631340,432150,15693,0,0,65909,10401,0,0
1790-1854-8682,673511,861767,343425,0,0,0,12422,28875,0,0
1791-1855-8686,394414,394570,1095621,0,0,0,0,35395,0,0
1791-1855-8688,209689,529302,1111427,0,0,0,27085,42497,0,0
1792-1856-8691,186635,936271,693480,0,0,0,0,103614,0,0
1793-1857-8698,512939,889694,442352,0,0,0,0,75015,0,0
1794-1859-8717,532947,567289,766028,0,0,0,0,53736,0,0
1794-1859-8718,685467,434674,772005,0,0,0,0,27854,0,0
1795-1861-8720,217124,576063,1071499,0,0,0,0,26441,0,28873
1795-1861-8721,489087,777813,592354,0,0,0,0,30528,0,30218
1796-1862-8723,313507,609811,765681,0,0,0,1180,102114,127707,0
1797-1863-8726,203715,943996,713903,0,0,0,0,58386,0,0
1798-1864-10354,1110866,355849,329974,70440,0,0,52871,0,0,0
1798-1864-10356,170533,868039,725560,63502,0,0,55566,36800,0,0
18-18-94,338117,401690,1120290,0,0,0,0,59903,0,0
180-184-1002,207380,1062781,583145,0,0,0,0,66694,0,0
180-184-1003,177866,964200,735027,0,0,0,0,42907,0,0
180-184-1007,206577,1054040,583165,0,0,0,0,76218,0,0
180-184-1008,88194,1076457,693676,0,0,0,0,61673,0,0
180-184-1009,192282,1260100,382755,0,0,0,0,84863,0,0
180-184-997,40818,970970,829560,0,0,0,0,78652,0,0
1800-1866-8739,442089,556537,786111,0,0,0,0,51450,0,83813
1800-1866-8741,149148,786128,879310,0,0,0,0,67073,0,38341
1801-1867-8743,208722,1212655,342459,0,0,0,0,156164,0,0
1802-1868-8745,358584,789625,530988,10208,197261,0,0,33334,0,0
1802-1868-8754,666518,775741,244541,72563,127121,0,0,33516,0,0
1802-1868-9544,249991,769917,867011,0,0,0,0,33081,0,0
1802-1868-9545,337951,769487,571605,24417,195271,0,0,21269,0,0
1802-1868-9547,201469,898746,529412,47628,218002,0,0,24743,0,0
1803-1869-8750,148700,1228033,418191,0,0,0,0,125076,0,0
1804-1870-8751,91546,1246840,397751,0,0,0,0,183863,0,0
1805-1871-8756,250735,889406,717637,22797,0,0,18878,20547,0,0
1805-2600-12235,287179,976335,537320,22063,0,0,88268,8835,0,0
1806-1872-8757,152594,718126,991922,0,0,0,0,57358,0,0
1807-1873-8759,823266,430328,666406,0,0,0,0,0,0,0
1808-1874-8763,244947,886101,748676,0,0,0,0,39894,0,382
1808-1874-8764,242564,139400,1533803,0,0,0,0,0,0,4233
1809-1875-8777,128504,647515,1064582,0,0,0,29646,49753,0,0
181-185-1010,174856,373028,1221444,0,63137,0,0,24657,0,62878
181-185-1012,47974,463241,1251509,0,65789,0,0,18283,0,73204
1810-1876-8782,623800,740579,512901,19364,0,0,0,23356,0,0
1811-1877-8787,222583,848380,773240,0,0,0,0,74630,0,1167
1811-1877-9505,195506,737605,934310,37733,0,0,0,14846,0,0
1812-1878-8789,169520,757839,845049,16315,0,0,95242,36035,0,0
1813-1879-8792,200426,1090852,439664,0,0,0,26603,162455,0,0
1814-1881-8806,365500,940726,564637,0,0,0,0,49137,0,0
1815-1883-8813,280331,966342,634842,0,0,0,0,38485,0,0
1816-1884-8822,208106,1196542,480630,34722,0,0,0,0,0,0
1816-1884-8824,338007,1064784,468343,48866,0,0,0,0,0,0
1817-1885-8825,11062,352954,1532371,19766,0,0,0,3847,0,0
1817-1885-8833,27070,550026,1306310,36594,0,0,0,0,0,0
1818-1887-8831,280513,762158,581428,0,208690,0,0,87211,0,0
1818-1887-8832,53221,784898,701520,0,286750,0,36754,56857,0,0
1819-1888-11117,319162,1255527,247806,77276,0,0,0,20229,0,0
1819-1888-11119,444665,982965,407703,52718,0,0,0,31949,0,0
182-186-1017,85203,800006,955448,0,0,0,0,79343,0,0
182-186-1020,447910,932072,476153,0,0,0,0,63865,0,0
182-186-1022,407254,1127316,331626,0,0,0,0,53804,0,0
1820-1889-9806,316071,886525,608610,59923,0,0,0,48871,0,0
1821-1890-10627,468030,848592,514186,35794,0,0,0,53398,0,0
1821-1890-10628,500848,871401,451733,42090,0,0,0,53928,0,0
1822-1891-8847,181837,1114508,591686,0,0,0,0,31969,0,0
1822-1891-8848,127530,1039284,626167,0,0,0,76622,25669,0,24728
1823-1892-12698,188261,650434,668607,118123,190167,0,51491,0,0,52917
1823-1892-12714,340340,783835,607418,91052,0,0,16521,21860,0,58974
1823-1892-17290,81934,1078558,719954,17699,0,0,0,21855,0,0
1823-1892-17292,231897,750632,573896,111770,145149,0,51024,29734,0,25898
1823-1892-17293,96532,872781,654685,12412,180468,0,23136,79986,0,0
1823-1892-17294,267491,744462,532900,34910,266398,0,14168,59671,0,0
1823-1892-17295,66308,999793,671265,42006,0,0,50217,90411,0,0
1823-1892-8849,131689,792058,661976,63049,146490,0,61102,31030,0,32606
1823-1892-8850,119760,871959,802616,43341,0,0,38505,43819,0,0
1823-1892-8851,392807,817431,636768,36349,0,0,0,36645,0,0
1824-1893-8855,196756,920825,700486,32640,0,0,42636,26657,0,0
1825-1894-11711,49410,722995,1051396,48401,0,0,0,47798,0,0
1825-1894-8857,330636,994317,498807,0,0,0,23946,72294,0,0
1826-1895-8868,246697,902765,550016,0,0,0,144756,75766,0,0
1826-1895-8870,449844,790533,656855,22768,0,0,0,0,0,0
1826-1895-8871,318144,788095,566899,75804,140753,0,9994,20311,0,0
1827-1896-8873,481356,511076,886736,0,0,0,0,40832,0,0
1828-1897-8876,219007,960846,631297,0,0,0,48361,60489,0,0
1828-1897-9433,127700,920450,777706,71470,0,0,0,22674,0,0
1828-1897-9438,162100,1099924,530516,50329,0,0,65465,11666,0,0
1829-1898-8883,61044,900986,758221,83740,0,0,0,90386,0,25623
183-187-1029,134589,711036,695461,0,269521,0,91305,18088,0,0
1830-1899-8881,421882,883663,574470,0,0,0,0,39985,0,0
1831-1900-8887,459388,739623,669463,0,0,0,0,51526,0,0
1832-1901-8889,96128,956162,805434,0,0,0,21637,33369,0,7270
1833-1902-8893,673754,711297,485295,0,0,0,0,7446,0,42208
1833-1902-8894,565204,1111356,239350,0,0,0,0,4090,0,0
1834-1903-8895,168708,1053106,638223,0,0,0,0,59963,0,0
1834-1903-8897,104482,876272,886768,0,0,0,0,52478,0,0
1835-1904-8900,63578,1025765,578763,0,0,0,131580,120314,0,0
1835-1904-8902,127893,1061321,453857,0,0,0,136881,140048,0,0
1836-1905-45141,851021,400177,198399,0,458894,0,0,11509,0,0
1836-1905-45143,235442,550971,755130,0,348519,0,0,29938,0,0
1836-1905-45562,298816,567815,677775,21742,334294,0,0,19558,0,0
1836-1905-8915,687783,783926,399283,0,0,0,16146,32862,0,0
1836-1905-8917,204484,984811,662994,0,0,0,0,67711,0,0
1837-1906-8921,331813,802066,643491,0,0,0,101242,41388,0,0
1837-1906-8923,327386,824221,623917,0,0,0,99982,44494,0,0
1837-1906-8925,206907,896601,724204,0,0,0,15477,76811,0,0
1838-1907-8931,341592,950737,478132,44477,0,0,51982,53080,0,0
1838-1907-8932,221595,1023109,523479,62516,0,0,0,89301,0,0
1839-1908-8938,232545,1074149,576958,0,0,0,0,36348,0,0
1839-1908-8940,232143,1102944,503563,0,0,0,0,81350,0,0
184-188-1024,81742,671908,744937,32915,373999,0,0,14499,0,0
184-188-1027,127188,674299,795576,0,221819,0,64257,36861,0,0
184-568-2796,84675,719669,868080,36365,184073,0,0,27138,0,0
1840-1909-8944,300325,869186,693082,0,0,0,0,38574,0,18833
1840-1909-8945,501244,784762,592423,0,0,0,0,38869,0,2702
1841-1910-8950,266222,1008669,486369,0,0,0,0,158740,0,0
1842-1911-10811,496444,858975,511080,33592,0,0,0,19909,0,0
1842-1911-8957,201517,1043616,591665,0,0,0,0,83202,0,0
1843-1912-8959,389746,1056160,418392,0,0,0,0,55702,0,0
1844-1913-8965,286557,693093,656311,34798,223464,0,0,25777,0,0
1845-1914-9866,450208,957984,444654,63772,0,0,0,3382,0,0
1846-1915-10103,679560,738800,351406,115381,0,0,34853,0,0,0
1846-1915-10104,420211,999307,352263,114554,0,0,33665,0,0,0
1846-1915-10105,371394,1029836,360022,120177,0,0,32224,6347,0,0
1846-1915-10123,220929,969722,599131,130218,0,0,0,0,0,0
1846-1915-10124,629138,572270,608153,101517,0,0,8922,0,0,0
1846-1915-10125,514483,228258,1141980,35279,0,0,0,0,0,0
1846-1915-8973,166474,823574,748189,0,0,0,127501,54262,0,0
1847-1916-8974,67762,922861,750982,0,0,0,42073,136322,0,0
1847-1916-8975,63951,909118,640795,0,0,0,10236,105915,0,189985
1847-1916-8976,108748,1110461,599834,0,0,0,0,100957,0,0
1847-1916-8978,250039,676200,914955,0,0,0,0,78806,0,0
1847-1916-8979,302684,1245283,263553,0,0,0,0,108480,0,0
1848-1917-8983,290022,1078589,485581,0,0,0,6857,58951,0,0
1848-1917-8984,302590,1104055,469190,0,0,0,0,44165,0,0
1849-1918-8986,333603,339090,1160515,0,0,0,38939,13522,0,34331
185-189-1034,400986,1058827,312282,34474,0,0,79718,33713,0,0
185-189-3874,851985,835330,79657,56007,0,0,76794,20227,0,0
185-189-3875,375535,1047982,295123,82187,0,0,106796,12377,0,0
1850-1919-21679,416763,1077644,383057,0,0,0,0,42536,0,0
1850-1919-8989,195743,1115010,522114,0,0,0,0,87133,0,0
1850-1919-8990,76465,1127567,655012,0,0,0,0,60956,0,0
1851-1920-8992,99126,989359,662688,0,0,0,0,168827,0,0
1852-1921-8994,128840,917352,728268,0,0,0,0,145540,0,0
1853-1922-9002,344006,1110125,430640,0,0,0,0,35229,0,0
1854-1923-9008,172993,716522,985852,0,0,0,11526,33107,0,0
1855-1924-9013,263983,958369,637607,0,0,0,0,60041,0,0
1856-1925-39931,1201903,577020,103685,0,0,0,0,37392,0,0
1856-1925-9017,230986,685102,967537,0,0,0,0,36375,0,0
1856-1925-9924,562764,660218,639315,28910,0,0,17033,11760,0,0
1856-1925-9925,418298,691852,754825,27158,0,0,24741,3126,0,0
1857-1926-9024,397178,1047653,415473,0,0,0,0,59696,0,0
1857-1926-9025,258366,787461,810409,0,0,0,0,63764,0,0
1858-1927-9029,157250,651842,882571,0,0,0,0,79430,0,148907
1859-1928-9034,56786,743306,1001362,113373,0,0,0,0,0,5173
1859-1928-9513,684229,659064,514145,0,0,0,0,62562,0,0
1859-1928-9515,403535,761643,692353,0,0,0,0,62469,0,0
186-190-1039,81187,621986,1113148,45509,0,0,40541,17629,0,0
186-190-26175,101186,560701,1140619,45550,0,0,41484,30460,0,0
186-190-31837,311536,943469,630800,0,0,0,0,34195,0,0
186-190-31839,185612,1064740,638145,0,0,0,0,31503,0,0
186-190-31842,268390,737200,789828,0,0,0,0,30913,0,93669
1860-1929-9038,390389,880900,355268,33131,202138,0,8849,49325,0,0
1861-1930-10704,150218,922082,692635,68227,0,0,31611,55227,0,0
1861-1930-11383,144472,915043,744502,0,0,0,61752,54231,0,0
1861-1930-11384,665107,852160,369030,0,0,0,0,33703,0,0
1861-1930-13123,545268,979139,185603,48388,0,0,135295,26307,0,0
1861-1930-13124,189708,1019425,607515,68379,0,0,0,34973,0,0
1861-1930-9043,119684,989899,743363,0,0,0,0,67054,0,0
1862-1931-10066,519096,754965,586141,0,0,0,0,59798,0,0
1862-1931-18002,666061,293173,935063,25703,0,0,0,0,0,0
1862-1931-9055,60243,1127581,371933,27596,297760,0,0,34887,0,0
1863-1932-9057,190036,1111976,538257,0,0,0,33908,45823,0,0
1864-1933-9061,342548,1297654,226767,0,0,0,0,53031,0,0
1865-1934-29775,39520,941170,904081,0,0,0,0,35229,0,0
1865-1934-9071,441522,876548,497176,0,0,0,88393,16361,0,0
1866-1935-9083,601660,960645,240051,0,0,0,66341,51303,0,0
1866-1935-9084,268274,997870,535816,0,0,0,63075,54965,0,0
1867-1936-33480,253153,1007273,582591,0,0,0,0,76983,0,0
1867-1936-9088,253166,953991,616745,0,0,0,0,95949,0,149
1867-1936-9089,392037,669929,778380,0,0,0,0,79654,0,0
1867-1936-95097,393901,751580,750878,0,0,0,0,23641,0,0
1867-1936-95099,107636,852784,880784,0,0,0,0,78796,0,0
1867-1936-95100,413426,1061703,395182,0,0,0,0,49689,0,0
1868-1937-9092,72283,761901,714574,81936,214621,0,28537,46148,0,0
1869-1938-9094,16444,574248,1231344,35014,0,0,52711,10239,0,0
1869-1938-9097,451638,1070972,345331,30116,0,0,0,21943,0,0
187-191-1044,72228,979077,760678,0,0,0,0,108017,0,0
1870-1939-9100,198203,835490,433705,58032,365706,0,0,28864,0,0
1870-1939-9101,167271,959026,503885,28983,206720,0,0,54115,0,0
1871-1940-9109,195780,1010462,645316,0,0,0,0,68442,0,0
1872-1941-9127,746215,915430,235577,0,0,0,0,22778,0,0
1872-1941-9130,42908,965679,874479,0,0,0,0,36934,0,0
1873-1942-9129,129561,948635,815439,0,0,0,0,26365,0,0
1874-1943-9138,185047,229139,875477,0,609434,0,0,20903,0,0
1874-1943-9141,285229,354565,894560,0,352982,0,0,32664,0,0
1874-1943-9143,419571,196483,783870,16124,503952,0,0,0,0,0
1874-1943-9144,170423,385492,810548,15994,521184,0,0,16359,0,0
1874-1943-9145,436657,156754,881741,0,432744,0,79,12025,0,0
1875-1944-9147,786602,500405,615455,0,0,0,0,17538,0,0
1876-1945-10463,189415,963498,659317,63728,0,0,0,44042,0,0
1876-1945-11666,401060,826314,448342,15714,212896,0,0,15674,0,0
1876-1945-9152,466808,1002254,388675,0,0,0,18224,44039,0,0
1876-1945-9153,272018,1064835,546436,0,0,0,0,36711,0,0
1877-1946-9157,379525,1056886,451955,0,0,0,0,31634,0,0
1878-1947-9162,288908,473471,1127464,0,0,0,0,30157,0,0
1879-1948-10605,37908,989776,848870,43446,0,0,0,0,0,0
1879-1948-10610,57369,864193,886331,63970,0,0,9717,38420,0,0
1879-1948-9164,147514,952120,647162,0,0,0,74009,99195,0,0
1879-1948-9165,47007,1161314,554513,0,0,0,66889,90277,0,0
188-192-1047,351767,881214,577658,0,0,0,67055,42306,0,0
1880-1949-9171,727756,286694,562382,0,343168,0,0,0,0,0
1881-1950-9178,259588,1109114,477786,0,0,0,0,73512,0,0
1881-1950-9690,433398,929633,490853,40553,0,0,0,25563,0,0
1882-1951-9182,108057,1131601,517550,54444,0,0,95624,12724,0,0
1883-1952-9185,545958,843699,484322,0,0,0,11536,33117,0,1368
1884-1953-9191,142576,948115,778801,0,0,0,0,50508,0,0
1885-1954-9192,241582,914517,704632,0,0,0,22855,36414,0,0
1886-1955-9198,528968,756350,527993,0,0,0,0,45660,0,61029
1887-1956-9202,399760,756841,681376,0,0,0,21405,60618,0,0
1888-1957-9203,589541,345025,985434,0,0,0,0,0,0,0
1888-1957-9204,213770,419887,1274083,0,0,0,0,12260,0,0
1889-1958-11228,85080,1055408,667150,48688,0,0,0,63674,0,0
1889-1958-11229,180064,911334,658811,41235,0,0,111544,17012,0,0
1889-1958-23660,69712,1012022,791917,0,0,0,24471,21878,0,0
1889-1958-28873,40586,964597,831784,0,0,0,28203,54830,0,0
1889-1958-28874,33871,727731,1001192,34201,0,0,98376,24629,0,0
1889-1958-9205,304698,689547,869400,0,0,0,27126,29229,0,0
1889-1958-9206,64887,1048354,710624,0,0,0,0,96135,0,0
1889-1958-9208,52306,850822,857583,0,0,0,82697,76592,0,0
189-193-1049,295915,1015113,512617,0,0,0,33369,62986,0,0
189-310-1762,233502,1133957,484639,34034,0,0,18153,15715,0,0
189-310-1763,223145,949076,555982,33788,0,0,142518,15491,0,0
189-310-1765,240743,1001101,576246,48084,0,0,37967,15859,0,0
1890-1959-9209,176392,568505,1143620,0,0,0,0,31483,0,0
1891-1960-10697,534903,750333,473112,41922,0,0,73393,46337,0,0
1891-1960-10698,352457,838208,615086,36299,0,0,51580,26370,0,0
1891-1960-9212,418131,816320,621675,0,0,0,0,63874,0,0
1891-1960-9213,499293,893723,438844,0,0,0,0,88140,0,0
1892-1961-9215,538252,658571,597966,69137,0,0,56074,0,0,0
1893-1962-96373,426930,1140341,323850,0,0,0,0,28879,0,0
1893-1962-96382,284837,1022461,339465,46810,118010,0,62433,45984,0,0
1894-1963-9229,220943,968602,659672,0,0,0,0,70783,0,0
1895-1964-9233,746054,766201,348220,0,0,0,26665,32860,0,0
1895-1964-9234,168121,893753,748938,0,0,0,42254,66934,0,0
1895-1964-9235,280383,873373,718331,0,0,0,0,47913,0,0
1896-1965-11140,449203,694178,671196,0,0,0,0,45490,0,59933
1896-1965-11147,757946,454495,639443,28515,0,0,0,39601,0,0
1897-1966-10655,1176707,238566,429180,50342,0,0,25205,0,0,0
1897-1966-10659,1163302,230269,419120,49456,0,0,57853,0,0,0
1898-1967-9248,320234,377422,1209014,0,0,0,0,13330,0,0
1899-1968-9251,116493,810020,867257,44056,0,0,60580,21594,0,0
19-19-109,642727,565680,606431,22275,0,0,62377,20510,0,0
19-19-18399,444225,829235,589963,24994,0,0,31583,0,0,0
190-194-1058,140998,1281759,403937,0,0,0,0,93306,0,0
1900-1969-9253,55839,999201,784176,0,0,0,0,80784,0,0
1901-1970-9256,281418,1086334,456061,0,49877,0,0,46310,0,0
1902-1971-9257,513414,1076054,240564,45219,0,0,0,44749,0,0
1902-1971-9785,502728,976043,317530,42818,0,0,0,52235,0,28646
1903-1972-9272,329987,893602,578421,48826,0,0,62702,6462,0,0
1904-1973-9264,114348,427404,608405,0,713501,0,0,56342,0,0
1905-1974-11957,19726,685943,1092781,65679,0,0,0,55871,0,0
1905-1974-19715,261341,1068128,465250,65380,0,0,0,59901,0,0
1905-1974-9270,74569,1021963,706912,0,0,0,0,116556,0,0
1905-1974-9271,108902,856429,853618,0,0,0,0,101051,0,0
1907-1976-9281,51725,1104722,685762,0,0,0,0,77791,0,0
1907-1976-9282,182122,1307316,331772,0,0,0,0,98790,0,0
1908-1977-10128,174129,1198052,474141,29922,0,0,0,43756,0,0
1908-1977-9284,135124,1036383,632127,0,0,0,0,116366,0,0
1909-1978-9292,390063,815993,509921,72814,0,0,106111,25098,0,0
191-195-1082,113292,938640,811363,0,0,0,0,56705,0,0
1910-1979-10882,429022,892298,532729,24448,0,0,0,41503,0,0
1910-1979-10903,237147,961578,585449,74423,0,0,20830,40573,0,0
1910-1979-10904,275483,925086,579277,69872,0,0,19156,51126,0,0
1911-1980-9298,109351,416194,1219364,49349,0,0,0,20208,0,105534
1912-1981-9304,177137,1032952,646816,0,0,0,0,63095,0,0
1913-1982-9309,115613,804353,777108,22199,148438,0,23479,28810,0,0
1914-1983-9313,642320,952467,241752,0,0,0,0,83461,0,0
1915-1984-9318,947630,553652,371462,0,0,0,26403,20853,0,0
1916-1985-9323,353920,1239619,225088,0,0,0,0,101373,0,0
1917-1987-10159,318406,675850,825116,74084,0,0,0,26544,0,0
1917-1987-13359,156801,726210,905972,70477,0,0,0,60540,0,0
1917-1987-13361,221375,877159,626845,129741,0,0,0,64880,0,0
1917-1987-13373,560396,799187,394852,76529,0,0,0,89036,0,0
1917-1987-13374,96658,879588,775632,84859,0,0,0,83263,0,0
1917-1987-13375,568256,455401,812907,38573,0,0,0,44863,0,0
1917-1987-13376,365314,656840,795531,40901,0,0,0,61414,0,0
1918-1988-9338,392123,1078789,412070,0,0,0,0,37018,0,0
1919-1989-55128,165508,944454,765092,17438,0,0,0,27508,0,0
1919-1989-55132,413872,198121,1282230,0,0,0,0,25777,0,0
1919-1989-55133,124194,1147273,602498,0,0,0,0,46035,0,0
1919-1989-55137,258331,986546,653789,0,0,0,0,21334,0,0
1919-1989-55139,776493,629128,454771,0,0,0,0,59608,0,0
1919-1989-55141,516455,613699,736904,0,0,0,0,52942,0,0
1919-1989-55142,668620,618147,576721,0,0,0,0,56512,0,0
1919-1989-55143,181232,986450,699292,0,0,0,0,53026,0,0
1919-1989-9341,892997,465071,512858,0,0,0,0,49074,0,0
192-196-1096,345306,298532,1217208,56233,0,0,0,2721,0,0
1920-1990-9350,358712,800413,575440,50478,0,0,75105,39098,0,20754
1921-1991-9346,1409175,405583,56029,0,0,0,0,49213,0,0
1921-1991-9347,479615,320437,981961,0,0,0,0,49487,0,88500
1923-1993-10269,175874,875397,816957,31687,0,0,0,20085,0,0
1923-1993-10270,365415,1016743,537842,0,0,0,0,0,0,0
1923-1993-10271,123054,863897,863411,32585,0,0,0,37053,0,0
1923-1993-10272,60638,804981,999630,39503,0,0,0,15248,0,0
1923-1993-10274,65828,789473,998080,42536,0,0,0,24083,0,0
1923-1993-9354,251672,935443,708718,0,0,0,0,24167,0,0
1923-1993-9355,273947,954597,661641,0,0,0,0,29815,0,0
1924-1994-9362,253091,1199586,416502,12129,0,0,6198,32494,0,0
1924-1994-9363,85090,878391,831555,46553,0,0,28238,50173,0,0
1924-1994-9364,260288,1003073,524480,0,0,0,60237,71922,0,0
1925-1995-10798,187378,1026377,615707,25750,0,0,0,64788,0,0
1925-1995-10799,676543,786580,368896,43215,0,0,0,44766,0,0
1925-1995-9366,252517,995886,606722,0,0,0,0,64875,0,0
1926-1996-10283,25429,697668,991390,37298,126295,0,0,41920,0,0
1926-1996-10293,305207,462980,1025326,41218,0,0,77997,7272,0,0
1928-1998-9400,281910,1111669,268439,13339,187753,0,0,56890,0,0
1928-1998-9401,474464,1011519,231205,0,169339,0,0,33473,0,0
1929-1999-9403,277258,811192,514417,0,241680,0,0,0,0,75453
193-197-1103,157233,948595,702005,0,0,0,68204,43963,0,0
1930-2000-9405,75870,864375,920176,0,0,0,0,59579,0,0
1931-2001-9408,338585,391460,1071332,42073,0,0,76550,0,0,0
1932-2002-10008,328169,704484,749064,92467,0,0,33879,11937,0,0
1932-2002-9409,209461,509908,1131686,23155,0,0,0,45790,0,0
1932-2002-9410,487647,730838,603525,13527,0,0,46403,38060,0,0
1932-2002-9412,514810,680738,599204,20688,0,0,73571,30989,0,0
1933-2003-9414,278853,835867,759050,0,0,0,0,46230,0,0
1934-2004-81040,49136,1132145,657283,0,0,0,0,81436,0,0
1935-2006-9429,347275,1042734,451196,29236,0,0,0,49559,0,0
1936-2007-10288,64690,507492,1291182,30755,0,0,0,25881,0,0
1936-2007-9440,45452,255803,1595933,18726,0,0,0,4086,0,0
1937-2008-9445,173117,1123321,530350,20307,0,0,0,72905,0,0
1937-2008-9446,150885,1053378,556267,0,0,0,19683,92695,0,47092
1937-2008-9447,162772,1010079,642509,20408,0,0,43931,40301,0,0
1938-2009-9448,400026,759843,693149,0,0,0,42315,24667,0,0
1940-2011-9455,130464,839413,751558,4184,0,0,146361,48020,0,0
1941-2012-9457,65765,928978,636636,0,152538,0,0,103221,0,32862
1942-2013-9469,54208,651230,1100861,50451,0,0,32498,30752,0,0
1943-2014-9487,301194,298476,512818,24053,765132,0,0,18327,0,0
1943-2014-9488,51367,190787,1323942,15699,324517,0,0,13688,0,0
1944-2015-9492,396236,656503,747163,0,0,0,0,94475,0,25623
1945-2016-9495,266546,1213938,400196,0,0,0,0,39320,0,0
1946-2017-10933,70670,491839,1189495,128653,0,0,39343,0,0,0
1946-2017-9498,541274,442683,840856,16,0,0,65349,29822,0,0
1947-2018-9504,573542,332674,937166,76618,0,0,0,0,0,0
1948-2019-9502,319610,652938,854397,65405,0,0,27650,0,0,0
1949-2020-9507,315350,1031370,396375,336,0,0,106767,69802,0,0
195-199-1149,457227,784396,623548,0,0,0,0,54829,0,0
1950-2021-9512,371958,690335,811543,0,0,0,0,46164,0,0
1951-2022-9519,191463,1014154,680109,0,0,0,0,34274,0,0
1951-2022-9520,310831,1000372,513054,0,0,0,0,95743,0,0
1952-2023-9522,135623,544193,1117967,0,0,0,0,47668,0,74549
1953-2024-9526,844185,681852,365065,0,0,0,0,28898,0,0
1953-2024-9527,904061,777614,186372,0,0,0,0,51953,0,0
1953-2024-9528,785918,723008,376128,0,637,0,0,34309,0,0
1954-2025-9530,686023,431736,788849,0,0,0,0,13392,0,0
1955-2026-9531,837417,889332,78557,0,0,0,0,114694,0,0
1956-2027-9536,37583,504573,1175089,32728,170027,0,0,0,0,0
1958-2029-9542,84129,892561,873408,0,0,0,0,69902,0,0
1959-2030-9551,657989,933679,282716,0,0,0,12515,33101,0,0
196-200-1152,286322,1025485,508712,0,0,0,0,99481,0,0
1961-2032-9557,838846,342493,650303,49641,0,0,31390,7327,0,0
1962-2033-9564,523701,724176,638470,0,0,0,0,33653,0,0
1963-2034-9574,397223,721626,771385,0,0,0,0,29766,0,0
1963-2034-9575,925308,702774,263232,0,0,0,0,28686,0,0
1964-2035-9579,321638,1146848,401256,0,0,0,0,50258,0,0
1965-2036-73482,197012,1083672,562768,0,0,0,0,76548,0,0
1965-2036-9581,198065,1013420,602299,0,0,0,0,72447,0,33769
1967-2038-10263,180677,997694,650112,32672,0,0,8561,50284,0,0
1968-2039-9598,122464,543758,1104559,0,119048,0,8025,22146,0,0
1969-2040-10149,254077,882551,671993,53894,0,0,18353,39132,0,0
197-201-5522,389758,979098,475815,0,0,0,0,75329,0,0
197-201-5525,245093,1026191,464088,0,0,0,0,184628,0,0
197-201-8090,379802,914431,506239,47239,0,0,37221,35068,0,0
197-201-8091,306171,993688,570749,32457,0,0,0,16935,0,0
1970-2041-10058,882540,584741,365542,44781,0,0,7332,35064,0,0
1970-2041-9608,663344,649500,542363,0,0,0,0,64793,0,0
1971-2042-9610,230834,984373,572891,18513,0,0,65842,47547,0,0
1972-2043-9615,163633,705312,725242,71282,226359,0,23,28149,0,0
1973-2044-9625,80879,389729,1352467,96925,0,0,0,0,0,0
1974-2045-9622,558113,552661,773829,0,0,0,0,35397,0,0
1974-2045-9623,844429,579266,453093,0,0,0,0,43212,0,0
1974-2045-9624,340327,908663,633701,0,0,0,0,37309,0,0
1975-2046-9627,424333,1119909,334701,0,0,0,0,41057,0,0
1976-2047-11046,809629,485533,565288,59550,0,0,0,0,0,0
1976-2047-29535,129840,1024030,637632,0,0,0,65434,63064,0,0
1976-2047-30725,122223,952620,729089,39486,0,0,19965,56617,0,0
1976-2047-9633,767031,1024079,83931,0,0,0,0,44959,0,0
1977-2048-9645,421497,983060,338698,0,0,0,124108,52637,0,0
1978-2049-9647,76410,720705,1085874,0,0,0,0,37011,0,0
1979-2050-46538,473614,1265268,166457,0,0,0,0,14661,0,0
1979-2050-46539,459677,1290356,153562,0,0,0,0,16405,0,0
1979-2050-9651,356646,1274412,218660,0,0,0,0,70282,0,0
198-202-3318,224233,884755,621483,0,0,0,148610,40919,0,0
198-202-5593,99056,936119,741773,68938,0,0,0,74114,0,0
198-202-5594,128672,873431,789388,37370,0,0,0,91139,0,0
1980-2051-11136,666393,342568,872670,33021,0,0,0,5348,0,0
1980-2051-9653,420505,936467,521412,0,0,0,0,41616,0,0
1980-2051-9655,442847,874341,564414,0,0,0,0,38398,0,0
1981-2052-10681,231561,1033701,449355,75979,0,0,76549,52855,0,0
1981-2052-9656,614341,918738,269209,0,0,0,73837,43875,0,0
1981-2052-9662,418599,944980,454325,0,0,0,66382,35714,0,0
1982-2053-11346,268154,509634,1075717,13195,0,0,28214,25086,0,0
1982-2053-9664,467946,521837,890563,0,0,0,0,39654,0,0
1984-2055-9669,514396,921053,398304,22418,0,0,27702,36127,0,0
1985-2056-9671,275041,910317,670636,0,0,0,0,64006,0,0
1986-2057-11096,224480,1053515,494722,0,0,0,57011,90272,0,0
1986-2057-9672,451764,901013,508707,26905,0,0,0,31611,0,0
1987-2058-11148,700297,218860,953191,47652,0,0,0,0,0,0
1987-2058-9681,544764,716213,619961,0,0,0,0,39062,0,0
1988-2059-10143,118113,368512,1356983,76392,0,0,0,0,0,0
1988-2059-9687,731249,657629,382730,62747,0,0,85645,0,0,0
1988-2059-9688,478293,884577,331189,69053,0,0,124504,32384,0,0
1989-2060-9693,389561,1051397,431893,0,0,0,0,47149,0,0
199-203-1182,939941,474178,386794,71537,0,0,47550,0,0,0
199-203-22794,125931,479181,668027,28484,442220,0,174567,1590,0,0
199-3435-16545,451079,724786,630278,38867,0,0,50563,24427,0,0
1990-2061-9695,269862,954999,504715,0,0,0,0,190424,0,0
1991-2062-9704,516392,1087253,289255,0,0,0,0,27100,0,0
1992-2063-9706,238615,988026,612072,0,0,0,0,81287,0,0
1992-4593-22668,291807,888180,606296,0,0,0,35319,98398,0,0
1993-2064-9707,61278,720046,1085711,0,0,0,0,52965,0,0
1993-2064-9708,161120,975909,646164,0,55949,0,0,80858,0,0
1994-2065-9710,50753,678481,1138629,0,0,0,0,52137,0,0
1995-2066-9728,204911,955614,701684,0,0,0,0,57791,0,0
1996-2067-9732,335617,601440,948745,0,0,0,0,34198,0,0
1996-2067-9733,471281,932170,516549,0,0,0,0,0,0,0
1997-2068-9742,140229,1103844,600772,0,0,0,0,75155,0,0
1997-2068-9746,130298,1193567,513534,0,0,0,0,82601,0,0
1998-2069-9761,400474,606825,813258,0,0,0,0,29803,186,69454
1998-2069-9762,778828,696546,405277,0,0,0,0,39349,0,0
1999-2070-9767,402676,1028507,456503,0,0,0,0,32314,0,0
2-2-4,410217,910413,455108,76212,0,0,50896,17154,0,0
20-20-102,23834,448603,1057401,90524,270700,0,0,28938,0,0
20-20-105,181768,639796,424703,134497,458117,0,0,81119,0,0
200-204-1187,436070,681748,673749,0,0,0,48557,45530,0,34346
2000-2071-9769,139966,1131645,558804,0,0,0,0,89585,0,0
2000-2071-9771,179251,1147345,519968,0,0,0,0,73436,0,0
2001-2072-10482,311408,480792,1053656,64563,0,0,0,9581,0,0
2001-2072-10491,454801,765059,642387,41945,0,0,0,15808,0,0
2001-2072-9772,438297,587766,844749,0,0,0,0,49188,0,0
2002-2073-12097,27417,416663,1363446,65811,0,0,0,46663,0,0
2002-2073-13254,217328,974499,653767,0,0,0,0,74406,0,0
2003-2074-9777,102532,651687,1122047,0,31297,0,0,12437,0,0
2005-2076-9794,415432,839103,607678,0,0,0,0,57787,0,0
2007-2078-9810,511480,721363,687157,0,0,0,0,0,0,0
2008-2079-9812,137716,1042910,555615,0,0,0,95496,65092,375,22796
2009-2080-9814,221736,153559,1544544,0,0,0,0,161,0,0
2010-2081-20010,25132,645621,1232425,0,0,0,0,16822,0,0
2010-2081-9815,26885,745388,1004287,80739,0,0,34268,28433,0,0
2011-2082-9827,115275,802155,867311,33320,0,0,89662,12277,0,0
2012-2083-11513,120555,944046,742369,78469,0,0,0,34561,0,0
2012-2083-9825,231811,1191470,493247,0,0,0,0,3472,0,0
2013-2084-9843,223406,960893,668990,0,0,0,0,66711,0,0
2014-2085-9838,474273,956350,474192,0,0,0,0,15185,0,0
2014-2085-9839,909084,568537,403902,0,0,0,0,38477,0,0
2014-2085-9841,431038,612532,822277,0,0,0,0,54153,0,0
2015-2086-9849,14287,911293,994420,0,0,0,0,0,0,0
2016-2087-72617,144962,807410,872951,72426,9815,0,0,12436,0,0
2016-2087-97486,218570,742820,806131,28919,0,0,123560,0,0,0
2016-2087-97487,289871,897663,623857,19607,0,0,70296,18706,0,0
2016-2087-97499,353991,907415,517493,17440,0,0,113677,9984,0,0
2016-2087-9850,549695,744854,386464,0,0,0,238987,0,0,0
2016-2087-9851,222108,921631,566973,0,0,0,195908,13380,0,0
2017-2088-9858,277073,820474,804549,0,0,0,0,17904,0,0
2018-2089-12740,80514,1146830,615619,53490,0,0,0,23547,0,0
2018-2089-12741,37998,1064997,740579,68153,0,0,0,8273,0,0
2018-2089-9862,458489,1220305,241206,0,0,0,0,0,0,0
2019-2090-9874,490237,653605,746237,0,0,0,0,29921,0,0
2019-2090-9875,551099,846687,510650,0,0,0,0,0,0,11564
2019-2090-9876,491013,254427,1129492,0,0,0,0,21800,0,23268
202-206-1193,216964,1032412,564396,0,0,0,47220,59008,0,0
202-206-6574,317790,919487,465982,53197,0,0,77329,86215,0,0
2020-2091-9878,507475,1134361,261047,0,0,0,0,17117,0,0
2021-2092-9880,154569,1024512,682488,0,0,0,0,58431,0,0
2022-2093-9883,108408,1137339,561997,42085,0,0,50258,19901,12,0
2023-2094-9887,301132,896217,228029,6499,483182,0,0,4941,0,0
2023-2094-9888,127792,737089,522130,11723,521266,0,0,0,0,0
2024-2095-9892,139793,1210202,554671,0,0,0,0,15334,0,0
2026-2097-9904,303346,512536,935937,32109,0,0,0,8354,20,127698
2026-2097-9905,95723,991921,621536,52138,0,0,62063,69278,11,27330
2028-2099-9912,305053,629792,951643,0,0,0,0,33512,0,0
2028-2099-9913,332145,446871,1022493,0,0,0,57152,43221,0,18118
2028-2099-9914,270333,788732,774873,0,0,0,0,63692,13,22357
2029-2100-9916,147582,483255,1074270,0,0,0,200634,14259,0,0
2030-2101-9917,187116,1046180,629186,0,0,0,0,57518,0,0
2030-2101-9919,101286,1141175,663288,0,0,0,0,14251,0,0
2030-2101-9920,112456,1156529,651015,0,0,0,0,0,0,0
2031-2102-13570,82177,927288,764622,106998,0,0,0,38915,0,0
2031-2102-61619,743054,604590,409930,21767,116491,0,0,24168,0,0
2032-2103-9929,224793,1109903,509282,56651,0,0,0,19371,0,0
2033-2104-11580,239168,553453,1062623,64756,0,0,0,0,0,0
2033-2104-11596,334844,676414,882846,0,0,0,0,25896,0,0
2033-2104-9933,294007,538974,1072478,0,0,0,0,14541,0,0
2034-2105-9939,583121,771542,419680,0,0,0,0,0,0,145657
2035-2106-9941,1294674,393399,202046,0,0,0,0,29881,0,0
2035-2106-9943,92852,1163272,640848,0,0,0,0,23028,0,0
2036-2107-9945,221449,1090956,581907,0,0,0,0,25688,0,0
2037-2108-9947,460064,455179,1004757,0,0,0,0,0,0,0
2038-2109-72004,113165,1293915,464854,0,0,0,0,48066,0,0
2038-2109-72005,128194,1379580,382966,0,0,0,0,29260,0,0
2038-2109-9949,114653,864370,907144,0,0,0,0,33833,0,0
2039-2110-9952,251091,1108738,455306,0,0,0,68769,36096,0,0
2039-2110-9953,387092,1120478,365845,0,0,0,0,46585,0,0
2040-2111-10420,169776,1207318,450727,33032,0,0,59147,0,0,0
2040-2111-10432,618784,682433,474059,23297,0,0,110620,10807,0,0
2040-2111-9955,341212,1037492,413987,0,0,0,104547,22762,0,0
2041-2112-9960,274541,888888,676840,0,0,0,26117,53614,0,0
2042-2113-9962,815116,691574,392328,0,0,0,0,20982,0,0
2043-2114-9965,465827,1233529,173649,0,0,0,0,46995,0,0
2043-2114-9966,598523,1171172,146454,0,0,0,0,3851,0,0
2044-2115-9969,89542,520002,1189557,0,86450,0,0,34449,0,0
2045-2116-9974,381144,745161,748178,0,0,0,0,45517,0,0
2045-2116-9975,127728,1104424,673032,0,0,0,0,14816,0,0
2046-2117-16411,179527,955179,680210,0,0,0,0,105084,0,0
2046-2117-36125,323661,913017,618926,0,0,0,0,64396,0,0
2046-2117-38242,373546,958249,525093,55979,0,0,0,7133,0,0
2046-2117-96700,275049,1060147,485066,18087,0,0,41603,40048,0,0
2046-2117-9976,343834,1056201,408115,0,0,0,34838,77012,0,0
2046-2117-9977,273394,992016,510642,0,0,0,34341,109607,0,0
2046-2117-9978,190739,1002062,438444,118261,0,0,97645,72849,0,0
2046-2117-9979,166399,929776,691134,47016,0,0,45954,39721,0,0
2048-2119-9981,264210,758594,828201,68995,0,0,0,0,0,0
2049-2120-12159,41606,1022243,805758,25603,0,0,0,24790,0,0
2049-2120-80678,168583,993085,706067,0,0,0,0,52265,0,0
2049-2120-93273,809561,304649,703935,34893,0,0,66962,0,0,0
2049-2120-93800,949030,548931,309843,35407,0,0,76789,0,0,0
2049-2120-9982,51408,1009052,792337,0,0,0,0,67203,0,0
205-209-1204,815110,544598,475498,16637,0,0,0,12046,0,56111
2050-2121-9991,302682,1094703,488996,0,0,0,0,33619,0,0
2050-2121-9992,213483,879721,806185,0,0,0,0,20611,0,0
2050-2121-9993,609718,992162,291429,0,0,0,0,26691,0,0
2050-2121-9994,151753,1047159,657478,0,0,0,0,63610,0,0
2051-2122-9996,276634,967519,648960,0,0,0,0,26887,0,0
2052-2123-10000,321336,840521,679057,21124,0,0,18046,39916,0,0
2053-2124-12173,70649,688460,1041604,60358,0,0,40095,18834,0,0
2054-2126-10012,160196,1280657,375345,0,0,0,0,103802,0,0
2054-2126-10013,88467,1083749,666854,0,0,0,0,80930,0,0
2054-2126-10014,571303,1094208,179800,0,0,0,0,74689,0,0
2055-2127-10015,116106,996989,568161,0,0,0,135462,55976,0,47306
2057-2129-10021,311105,875108,698694,0,0,0,0,35093,0,0
2058-2130-10022,26660,908745,923990,0,0,0,40648,19957,0,0
2058-2130-10025,339012,1073671,369401,0,0,0,65901,72015,0,0
2059-2131-10027,247498,1034769,615380,0,0,0,0,22353,0,0
2059-2131-10028,246306,988430,667704,0,0,0,0,17560,0,0
2059-2131-10866,204759,865730,774039,48396,0,0,0,27076,0,0
206-210-1208,92907,1121264,561407,0,0,0,0,144422,0,0
206-210-5470,201227,1071843,350950,76355,0,0,85456,134169,0,0
2061-2133-10041,116213,1144615,637437,0,0,0,0,21735,0,0
2062-2134-10045,215260,799624,558427,27993,244418,0,0,74278,0,0
2063-2135-10052,221333,1077993,506167,0,0,0,22423,92084,0,0
2065-2137-10056,298274,667775,567620,20088,255077,0,236,66643,0,44287
2066-2138-10063,721756,823250,330463,0,0,0,0,44531,0,0
2067-2139-10072,52034,906802,893407,0,0,0,15264,52493,0,0
2067-2139-10073,378936,1033291,444471,0,0,0,43720,19582,0,0
2068-2140-10084,380290,1073350,409526,0,0,0,0,56834,0,0
2069-2141-10088,49344,846057,943228,0,0,0,0,81371,0,0
207-211-1211,531674,338305,965257,0,0,0,0,38233,0,46531
2071-2143-10114,365157,951017,329836,0,0,0,250123,23867,0,0
2072-2144-10120,403401,927770,529840,0,0,0,0,58989,0,0
2073-2145-10135,183008,1255837,410559,0,0,0,0,70596,0,0
2074-2146-10136,620108,791591,466808,0,0,0,0,41493,0,0
2075-2147-10142,537673,792342,561553,0,0,0,0,28432,0,0
2075-2147-12247,495917,733988,561374,43567,0,0,85154,0,0,0
2075-2147-12248,510661,548803,723208,38465,0,0,88084,10779,0,0
2076-2148-10144,399919,867416,526354,0,0,0,78221,48090,0,0
2076-2148-11031,372986,781264,693281,72469,0,0,0,0,0,0
2077-2149-10148,493515,966710,369195,53032,0,0,19068,18480,0,0
2078-10735-52783,152503,981211,673750,32348,0,0,74245,5943,0,0
2078-10735-52786,172882,1212981,502546,0,0,0,31591,0,0,0
2078-10735-52790,520757,957629,398421,0,0,0,0,43193,0,0
2078-2150-10147,179169,843605,822864,0,0,0,55456,18906,0,0
2079-2151-10156,408136,858223,636644,0,0,0,0,16997,0,0
208-212-1214,625851,737819,253519,13247,241700,0,31453,16411,0,0
208-212-3769,408474,892609,257712,98319,225043,0,24603,13240,0,0
208-212-3771,128916,833317,595560,85409,222148,0,22342,32308,0,0
2080-2152-10163,169006,1237368,485788,0,0,0,0,27838,0,0
2081-2153-10169,178645,1008769,706791,0,0,0,0,25795,0,0
2081-2153-10170,171170,691397,1009426,0,0,0,0,48007,0,0
2081-2153-10171,642737,986455,283352,0,0,0,0,7456,0,0
2081-2153-10172,621728,1009033,273115,0,0,0,0,16124,0,0
2083-2155-10182,102726,934381,807116,0,30631,0,0,45146,0,0
2083-2155-10184,93537,743095,770021,0,274556,0,0,38791,0,0
2083-2155-10185,804599,704697,378733,15436,0,0,0,16535,0,0
2086-2158-10204,437308,802722,564851,29540,0,0,69510,16069,0,0
2087-2159-10208,233849,848096,787311,0,0,0,0,50744,0,0
2089-2161-10217,135781,897645,692765,29176,0,0,102489,62144,0,0
209-213-1219,897835,555480,229297,46751,0,0,181297,9340,0,0
209-213-1220,554570,1130287,127052,29661,0,0,78430,0,0,0
2090-2162-10225,342971,630702,832556,0,0,0,111666,2105,0,0
2090-2162-10226,380000,886716,448358,0,0,0,204926,0,0,0
2090-2162-10227,379093,623201,850579,0,0,0,38192,28935,0,0
2092-2164-10237,897582,576908,392982,0,0,0,52528,0,0,0
2092-2164-10238,1013528,659269,172502,0,0,0,74701,0,0,0
2093-2165-12380,21896,710416,1138165,0,0,0,0,49523,0,0
2093-2165-15580,162804,1149663,417871,31740,0,0,0,84561,0,73361
2093-2165-15583,44355,680424,1029909,31806,0,0,0,74976,0,58530
2093-2165-15584,29494,751483,1069956,46479,0,0,0,22588,0,0
2093-2165-65748,51423,894467,879977,52907,0,0,0,41226,0,0
2095-2168-10253,222117,860999,801847,0,0,0,0,35037,0,0
2096-2169-10259,468117,896296,529114,0,0,0,0,26473,0,0
2096-2169-10260,946312,326577,529402,0,2469,0,0,31067,73,84100
2097-2170-10261,260028,840317,744915,11834,0,0,42857,20049,0,0
2097-2170-10262,35641,794601,1074080,0,0,0,0,15678,0,0
2098-2171-10264,200988,1175865,376916,71665,0,0,0,94566,0,0
21-21-117,649632,857315,349884,0,0,0,14297,48872,0,0
210-214-1224,201474,588157,1009386,0,0,0,62415,58568,0,0
2100-2173-11799,167461,1062909,584385,77255,0,0,9332,18658,0,0
2100-2173-11800,253410,918557,615337,88024,0,0,13443,31229,0,0
2100-2173-11802,211796,1148385,509979,0,0,0,11947,37893,0,0
2101-2174-10281,150802,857308,680283,12670,0,0,218937,0,0,0
2102-2175-10290,116961,1046581,681370,0,0,0,0,75088,0,0
2104-2177-10299,282604,789793,787643,0,0,0,0,59960,0,0
2104-2177-12199,682172,884787,245698,30928,0,0,41566,34849,0,0
2104-2177-12201,323069,735242,757418,26581,0,0,35835,41855,0,0
2105-2178-10304,283726,952873,525490,23617,67823,0,0,66471,0,0
2105-2178-10381,275527,826762,682270,21960,62967,0,256,50258,0,0
2106-2179-10305,131288,1002968,626401,0,0,0,85380,73963,0,0
2106-2179-10313,330039,1026645,375316,87931,0,0,70365,29704,0,0
2106-2179-11961,111158,1082602,534286,49230,0,0,79862,62862,0,0
2108-2181-10317,282513,680426,891127,0,0,0,0,65934,0,0
2108-2181-10727,241860,667615,946236,33529,0,0,0,30760,0,0
211-215-1226,145816,877038,867963,0,0,0,0,29183,0,0
211-507-2547,274142,878569,693301,29804,0,0,33817,10367,0,0
211-507-2548,256179,864366,687860,37271,0,0,60759,13565,0,0
2111-2184-10325,130655,1087287,658132,0,0,0,0,43926,0,0
2112-2185-10327,205916,858709,814304,0,0,0,0,41071,0,0
2113-2186-10338,38542,863624,992170,0,0,0,0,25664,0,0
2113-2186-10339,242594,1120292,477210,0,0,0,0,79904,0,0
2114-2187-10340,350825,712622,750665,0,0,0,0,54338,0,51550
2115-2188-10343,383790,1111312,332113,0,0,0,28842,63943,0,0
2115-2188-10344,307820,1087976,440398,0,0,0,28742,55064,0,0
2115-2188-10347,124911,1047668,617551,0,0,0,53733,76137,0,0
2115-2188-10350,306218,1146143,433877,0,0,0,0,33762,0,0
2116-2189-10362,261569,1017070,528876,0,0,0,17584,94901,0,0
2117-2190-10366,232262,826765,475240,95479,228786,0,46393,15075,0,0
2117-2190-23093,268180,574845,1054151,0,0,0,22824,0,0,0
2117-2190-25292,117661,366623,1349504,41901,0,0,44311,0,0,0
2118-2191-10373,284907,700285,923619,0,0,0,0,11189,0,0
2119-2192-10375,211034,557313,1062444,0,0,0,36103,53106,0,0
212-216-1236,55806,862524,933640,31296,0,0,0,36734,0,0
2120-2193-10376,578401,522816,795201,0,0,0,0,23582,0,0
2121-2194-10387,344387,1092748,447564,0,0,0,0,35301,0,0
2122-2195-10390,120016,846502,676017,29833,157880,0,0,25279,0,64473
2122-2195-11690,180240,1088080,359312,89909,172358,0,0,0,0,30101
2123-2196-10393,540556,753313,560628,0,0,0,0,65503,0,0
2123-2196-10394,1028627,731670,102786,0,0,0,0,56917,0,0
2123-2196-34064,526686,1013535,335395,0,0,0,0,44384,0,0
2123-7022-34601,41061,769327,1064900,22664,0,0,22048,0,0,0
2124-2197-10396,154743,712929,1021443,0,0,0,0,30885,0,0
2124-2197-10399,201646,860022,814126,0,0,0,0,44206,0,0
2125-2198-10404,319488,767329,753680,0,0,0,0,79503,0,0
2125-2198-10406,308166,842926,746766,0,0,0,0,22142,0,0
2125-2198-10920,372631,738970,619183,146348,0,0,0,42868,0,0
2125-2198-11439,663040,787140,374215,66935,0,0,0,28670,0,0
2126-2199-10410,435811,807182,352009,74924,0,0,153375,26283,0,70416
2127-2200-10413,183476,1090028,557341,0,0,0,0,89155,0,0
2128-2201-10416,201769,575990,1035276,66331,0,0,0,23573,0,17061
2129-2202-10418,309963,912470,667044,0,0,0,0,30523,0,0
2129-2202-10436,292822,826198,719997,0,0,0,0,80983,0,0
213-217-3221,247770,991037,422279,77499,0,0,76350,105065,0,0
213-217-8611,224593,1043421,425481,68651,0,0,104942,52912,0,0
213-309-1761,218717,1216236,331023,91414,0,0,0,62610,0,0
2130-2203-10423,1227038,138756,364818,0,189388,0,0,0,0,0
2130-2203-10424,1044000,243140,376816,0,256044,0,0,0,0,0
2130-2203-10425,426453,291597,667317,0,522420,0,0,12213,0,0
2130-2203-11778,878415,365182,624285,52118,0,0,0,0,0,0
2131-2204-10429,216478,1096683,475121,0,0,0,0,65548,0,66170
2131-5638-27986,338443,269626,1297836,0,0,0,0,14095,0,0
2131-5638-27988,744961,315401,839418,0,0,0,0,20220,0,0
2133-2206-10434,387073,910669,374742,78869,0,0,134891,33756,0,0
2134-2207-10438,78174,1059039,575555,0,0,0,0,207232,0,0
2135-2208-10444,441866,916223,529290,0,0,0,0,32621,0,0
2136-2209-10455,676920,596448,596606,0,0,0,0,50026,0,0
2136-2209-10458,189701,940585,706264,0,0,0,0,83450,0,0
2136-2209-10459,500584,624920,724216,0,0,0,0,70280,0,0
2136-2209-10460,820569,367725,685899,0,0,0,0,45807,0,0
2136-2209-10461,729079,482172,695059,0,0,0,0,13690,0,0
2137-2210-10465,23769,771153,985370,49048,0,0,90660,0,0,0
2138-2211-10468,440610,903565,479545,0,0,0,52343,43937,0,0
2139-2212-10469,117645,852924,738724,0,0,0,0,97146,113561,0
2139-2212-10479,445960,743206,487374,0,0,0,0,84481,158979,0
2139-2212-10481,438392,769738,475557,147,0,0,0,65645,170521,0
214-218-1241,29829,1003156,799259,0,0,0,0,87756,0,0
2140-2213-10477,28156,621900,1144075,0,125869,0,0,0,0,0
2141-2214-10484,131717,596309,1076017,0,0,0,0,62200,0,53757
2142-2215-10494,199979,1029986,658431,0,0,0,0,31604,0,0
2143-2216-10505,443476,351379,501262,32556,146083,402171,0,0,0,43073
2144-2217-10507,263005,847140,664510,0,0,0,56477,88868,0,0
2145-2218-11500,205154,922613,708902,35734,0,0,37235,10362,0,0
2145-2218-11502,235588,965857,646940,29129,0,0,28464,14022,0,0
2145-2218-11503,263805,1000384,623741,0,0,0,0,32070,0,0
2146-2219-10513,220919,1151294,520532,0,0,0,0,27255,0,0
2146-2219-10514,141249,1066360,671029,0,0,0,0,41362,0,0
2147-2220-10516,209137,838160,494303,0,347513,0,944,29943,0,0
2148-2221-10518,988688,367040,539318,0,0,0,0,24954,0,0
2149-2222-10642,161939,1365385,335540,0,0,0,0,57136,0,0
2149-2222-10643,686104,1074196,119582,0,0,0,0,40118,0,0
215-219-1243,383103,1097443,396531,0,0,0,0,42923,0,0
2150-2223-10521,187777,962896,550377,0,0,0,0,150906,0,68044
2150-2223-12418,197776,979371,599091,24826,0,0,0,83537,0,35399
2151-2224-10524,225298,1105821,560310,0,0,0,0,28571,0,0
2152-2225-10525,146870,818126,854758,41305,0,0,24732,34209,0,0
2153-2226-10528,405668,1128454,338257,0,0,0,0,47621,0,0
2153-2226-85092,186483,1035959,499903,0,0,0,0,197655,0,0
2154-2227-10530,139435,758137,832386,46452,0,0,102424,41166,0,0
2155-2228-10531,342914,1182507,336344,0,0,0,0,58235,0,0
2155-2228-10533,169045,1001909,709608,0,0,0,0,39438,0,0
2155-2228-10534,449682,740189,648295,0,0,0,0,81834,0,0
2155-2228-10535,291919,930272,629147,0,0,0,0,68662,0,0
2155-2228-10536,306590,875690,663690,0,0,0,0,74030,0,0
2156-2229-10539,149751,984307,658518,0,0,0,0,127424,0,0
2156-2229-10540,74831,1199855,342474,0,0,0,0,229405,0,73435
2156-2229-11189,50354,849081,634131,74429,0,0,0,208496,0,103509
2156-2229-11195,50461,918987,632029,71637,0,0,0,115484,0,131402
2156-2229-12203,74164,995607,550720,98509,0,0,0,133369,0,67631
2157-2230-10542,368642,1142778,349494,0,0,0,15622,43464,0,0
2158-2231-10544,80532,917381,899386,0,0,0,0,22701,0,0
2159-2232-10546,206608,779559,892634,0,0,0,0,26319,0,14880
216-220-1266,452315,697329,629886,41628,0,0,72885,25957,0,0
2160-2233-10547,221995,1495179,84548,0,0,0,24805,93473,0,0
2161-2234-10553,470507,1392045,57448,0,0,0,0,0,0,0
2161-2234-10554,101164,875358,853472,0,78025,0,0,11981,0,0
2162-2235-10558,463937,1283111,172952,0,0,0,0,0,0,0
2162-2235-10559,383641,1210191,315289,0,0,0,0,10879,0,0
2163-2236-10562,757350,339298,683124,76354,0,0,0,18231,0,45643
2164-2237-10566,181759,1115694,462576,0,0,0,83024,76947,0,0
2165-2238-10568,343233,608570,962183,0,0,0,0,6014,0,0
2166-2239-10575,216342,996239,662225,0,0,0,0,45194,0,0
2166-2239-10576,257387,1178037,458919,0,0,0,0,25657,0,0
2166-2239-10577,291551,1105927,511287,0,0,0,0,11235,0,0
2167-2240-10579,182112,992471,650616,0,0,0,0,94801,0,0
2168-2241-10581,471342,695611,692729,0,0,0,0,40590,0,19728
2169-2242-10582,493903,616286,752983,0,0,0,0,6201,0,50627
217-221-1255,223492,1086655,579484,0,0,0,0,30369,0,0
2170-2243-10583,198727,1042468,574815,0,0,0,0,103966,0,24
2171-2244-10585,135251,1106904,532412,0,0,0,78462,66971,0,0
2172-2245-10588,99521,1282224,431096,0,0,0,0,107159,0,0
2173-2246-10590,545528,1161466,213006,0,0,0,0,0,0,0
2173-2246-10591,551154,1119257,192218,0,0,0,0,57371,0,0
2174-2247-10594,244764,1003787,539837,79858,0,0,0,51754,0,0
2175-2248-10597,148067,975792,718794,0,0,0,0,77347,0,0
2176-2249-10598,311749,1009994,572006,0,0,0,0,26251,0,0
2177-2250-10881,340822,1030812,498047,0,0,0,0,50319,0,0
2178-2251-10603,434318,1018897,357231,0,0,0,34846,74708,0,0
2179-2252-10608,100578,1038637,728069,0,0,0,0,52716,0,0
218-222-1261,565200,930230,367475,0,0,0,0,57095,0,0
218-222-1262,357965,1025682,443152,0,0,0,0,93201,0,0
218-798-3734,397010,905675,494414,19489,0,0,47711,55701,0,0
2180-2253-10615,212795,1105646,401610,0,0,0,0,89188,110761,0
2181-2254-10623,118619,559803,1216009,0,0,0,0,25569,0,0
2181-2254-10624,41995,787177,1013696,0,0,0,0,77132,0,0
2182-2255-10633,196623,1040494,514380,0,0,0,72499,66227,0,29777
2183-2256-10636,394320,212005,1223711,0,0,0,0,12274,0,77690
2183-2256-47589,56812,189229,1673959,0,0,0,0,0,0,0
2184-2257-10653,345990,1230811,273905,0,0,0,0,44525,0,24769
2185-2258-10657,157654,1172948,541491,0,0,0,0,47907,0,0
2185-2258-27464,73281,1052196,588188,94284,0,0,41511,70540,0,0
2186-2259-10664,465040,299600,404596,17323,694436,0,0,10844,0,28161
2187-2260-10667,222188,1026898,484902,99421,0,0,86591,0,0,0
2187-2260-23121,128685,1039883,699914,0,0,0,0,51518,0,0
2187-2260-40358,232656,796356,558676,84532,0,0,190946,56834,0,0
2187-2260-43305,246490,1187358,369172,32694,0,0,67086,17200,0,0
2188-2261-10671,173466,948442,632079,33645,0,0,66860,65508,0,0
2190-2263-10683,807737,756924,266407,0,0,0,0,88932,0,0
2190-2489-11698,745114,554892,543993,33268,0,0,0,42733,0,0
2191-2264-10685,147927,1138905,562881,0,0,0,0,70287,0,0
2191-2264-12424,124732,863515,828740,66026,0,0,0,36987,0,0
2191-2264-46161,583390,945043,265943,72348,0,0,38139,15137,0,0
2191-2264-49313,398676,651077,850143,0,0,0,0,20104,0,0
2191-2264-49315,536716,549997,819738,0,0,0,0,13549,0,0
2192-2266-10702,181072,927552,747774,0,0,0,0,52659,0,10943
2192-2266-10703,285356,1000343,619001,0,0,0,0,15300,0,0
2193-2267-10706,162631,1111598,569961,0,0,0,31637,44173,0,0
2194-2268-10710,212071,990066,697827,0,0,0,12667,7369,0,0
2194-2268-11906,320063,823680,672258,48639,0,0,45159,10201,0,0
2195-2269-10713,429270,519787,843367,0,0,0,96724,30852,0,0
2195-2269-10717,344821,535441,902165,0,0,0,108413,29160,0,0
2196-2270-10721,508412,1190742,202730,0,0,0,0,18116,0,0
2196-2270-10722,706045,926843,275019,0,0,0,0,12093,0,0
2196-2270-10724,133768,1202813,553474,0,0,0,0,29945,0,0
2196-2270-10725,198915,1141177,542820,0,0,0,0,37088,0,0
2197-2271-10728,714629,644631,498954,0,0,0,0,46131,0,15655
2199-2273-10732,89939,886868,712619,18682,138666,0,0,73226,0,0
22-22-112,352880,951995,463069,0,0,0,42520,109536,0,0
22-22-114,108131,689819,939168,0,0,0,10473,111222,0,61187
22-306-1754,154673,788005,733555,39519,0,0,67156,86497,0,50595
220-224-1271,104579,861213,921231,0,0,0,0,32977,0,0
2200-2274-10735,421071,870571,529829,0,0,0,0,71366,0,27163
2201-2275-10736,191815,945030,649782,0,0,0,32356,101017,0,0
2202-2276-10738,817589,330000,503651,3959,223414,0,0,0,0,41387
2203-2277-10740,132623,1044502,700451,0,0,0,0,42424,0,0
2203-2277-11934,267527,1048572,485954,72062,0,0,0,45885,0,0
2204-2278-10741,296056,887848,717006,0,0,0,0,19090,0,0
2205-2279-10743,166629,907128,823502,0,0,0,0,22741,0,0
2206-2280-10748,290369,1043833,424675,0,161123,0,0,0,0,0
2207-2281-10751,40091,637075,1188685,0,0,0,0,54149,0,0
2207-2281-10752,665671,974707,204497,0,0,0,0,75125,0,0
2208-2282-10753,22936,720826,1056759,0,0,0,0,119479,0,0
2208-2282-10754,14894,733042,1088042,0,0,0,0,84022,0,0
2208-2282-10756,261227,957750,612566,0,0,0,0,88457,0,0
2209-2283-10757,429159,1074305,338064,0,0,0,0,78472,0,0
221-225-1286,173635,324596,1286021,49287,77534,0,0,8927,0,0
221-225-1291,331011,1164769,349319,0,0,0,0,74901,0,0
221-225-72359,138428,347974,1410019,0,0,0,0,23579,0,0
221-225-73948,46859,542859,1201407,40679,0,0,62396,25800,0,0
2210-10104-49492,909171,461137,449258,59685,0,0,0,40749,0,0
2210-2284-10763,275741,1006679,552681,43310,0,0,11398,30191,0,0
2210-2284-10765,572696,681647,598769,24761,0,0,0,42127,0,0
2210-2284-10766,661428,644592,558967,36086,0,0,0,18927,0,0
2210-2284-10769,340280,1048098,487977,43645,0,0,0,0,0,0
2210-2284-51109,676126,799728,259902,86416,0,0,63977,33851,0,0
2210-2284-80126,31632,835809,1012508,0,0,0,17130,22921,0,0
2211-2285-10771,579072,755910,564609,0,0,0,14846,5563,0,0
2212-2286-10775,378229,666966,734452,0,17826,0,70319,52208,0,0
2213-2287-10778,353341,1092094,401964,0,0,0,0,72601,0,0
2214-2288-10781,195206,942118,645835,0,0,0,73519,63322,0,0
2214-2288-10782,102029,817604,971142,0,0,0,0,29225,0,0
2214-2288-12344,361270,746695,643228,66471,0,0,96515,5821,0,0
2215-2289-10783,387896,669689,807906,0,0,0,0,54509,0,0
2216-2290-10791,736798,959802,145538,52765,0,0,0,25097,0,0
2216-2290-10792,489818,980714,271127,69673,0,0,76004,32664,0,0
2216-2290-10793,130166,977614,682098,72640,0,0,0,57482,0,0
2217-2291-10786,249969,1113287,491429,0,0,0,0,65315,0,0
2218-2292-10787,460625,1048177,402211,0,0,0,0,8987,0,0
2218-2292-10788,292981,1001033,577262,0,0,0,0,48724,0,0
2219-2293-10790,631567,793621,469565,6438,0,0,0,18809,0,0
222-226-1276,249465,739795,617345,0,259426,0,0,53969,0,0
2220-2294-10794,188598,744324,929305,0,0,0,0,57773,0,0
2221-2295-10797,511142,1026537,312854,0,0,0,0,38335,0,31132
2221-2295-11603,1068335,329415,444722,16385,0,0,0,13260,0,47883
2221-2295-11604,591091,960920,234718,35195,0,0,49531,48545,0,0
2221-2295-11605,636407,918108,230168,32052,0,0,54508,48757,0,0
2221-2295-11607,355293,731691,686258,26682,0,0,49038,37647,0,33391
2221-2295-11608,346813,736476,704501,26262,0,0,46557,43770,0,15621
2222-2296-10802,219043,625211,303622,37681,717091,0,331,17021,0,0
2222-2296-10803,585003,476033,798074,27042,0,0,0,33848,0,0
2223-2297-10804,462943,950128,384426,0,0,0,43312,79191,0,0
2224-2298-10815,402688,611211,858139,0,0,0,0,47962,0,0
2224-2298-10816,418996,1054307,192646,69512,0,0,150507,20086,0,13946
2225-2299-10822,190962,908692,694940,41624,0,0,0,27827,0,55955
2225-2299-11856,449846,796951,469485,121166,0,0,0,26858,0,55694
2225-2299-11865,430846,901012,319901,95823,0,0,149963,22455,0,0
2225-2299-11866,689128,812289,206484,42917,0,0,111224,57958,0,0
2225-2299-11867,7422,385031,1504403,9282,0,0,0,13862,0,0
2225-2299-11868,183130,868680,636789,63029,0,0,120340,48032,0,0
2226-2300-10824,419972,958679,516254,0,0,0,0,25095,0,0
2226-2300-10911,250189,543198,953156,8194,52028,0,77552,35683,0,0
2226-2300-10912,94820,354450,1092084,45337,205083,0,66792,0,0,61434
2227-2301-10834,113048,916885,778688,0,0,0,0,111379,0,0
2227-2301-10836,159805,1027039,626387,0,0,0,0,106769,0,0
2228-2302-10843,86783,775414,618427,43086,396290,0,0,0,0,0
2228-2302-10844,369675,733758,511169,0,305398,0,0,0,0,0
2229-2303-10848,422048,1020054,399029,0,0,0,0,78869,0,0
223-227-1295,488580,911378,483502,0,0,0,0,36540,0,0
223-482-2458,179922,837772,823779,46250,0,0,0,32277,0,0
2230-2304-10852,265635,753822,793513,47386,0,0,38994,20650,0,0
2231-2305-10854,157383,610538,1072256,60093,0,0,0,19730,0,0
2231-2305-10855,520798,306800,1039564,49687,0,0,0,3151,0,0
2231-8659-42239,160147,626523,1028227,0,0,0,0,13344,0,91759
2232-2306-10859,406313,1020017,422610,0,0,0,0,71060,0,0
2232-2306-10875,269504,857470,721669,0,0,0,0,71357,0,0
2233-2307-10879,268536,1469477,62309,42643,0,0,0,77035,0,0
2234-2308-10871,118585,976310,651514,22106,123849,0,12047,15589,0,0
2235-2309-10884,377136,706176,671625,0,0,0,29979,47825,0,87259
2236-2310-10889,113551,977605,715555,0,0,0,0,113289,0,0
2237-2311-10894,331123,586105,979211,0,0,0,0,23561,0,0
2238-2312-10898,391159,489456,579101,30706,0,207978,202144,19456,0,0
2238-2312-10900,155281,991520,627934,37321,0,0,50864,57080,0,0
2239-2313-10905,20327,936975,896186,0,0,0,26634,39878,0,0
224-18720-97746,552533,882789,273212,0,0,0,0,71176,0,140290
224-228-1298,672147,746752,438650,0,0,0,0,36126,0,26325
2240-2314-10908,245075,967638,571610,0,0,0,69862,65815,0,0
2240-7042-34672,277441,848690,793869,0,0,0,0,0,0,0
2240-7042-34673,293625,841837,784538,0,0,0,0,0,0,0
2241-2315-10916,299545,1002762,584160,0,0,0,0,33533,0,0
2241-2315-10917,181232,815575,877745,0,0,0,0,45448,0,0
2242-2316-10918,319555,629986,615947,63389,207736,0,0,64288,0,19099
2243-2317-10919,463381,880655,499554,0,0,0,36583,39827,0,0
2244-2318-10926,192348,1131837,509035,0,0,0,0,86780,0,0
2245-2319-10927,65835,839930,949392,0,0,0,0,64843,0,0
2246-2320-10931,126417,703518,963918,0,0,0,0,45624,0,80523
2247-2321-10936,136830,724575,811501,55246,0,0,154105,37743,0,0
2247-2321-10937,226483,600687,889248,46943,0,0,135059,21580,0,0
2248-2322-10939,81216,1101906,710857,0,0,0,0,26021,0,0
2249-2323-10941,334046,548883,970120,0,0,0,0,7700,0,59251
225-229-1302,240067,822722,777618,0,0,0,0,79593,0,0
2250-2324-10947,401158,975052,511382,0,0,0,0,32408,0,0
2251-2325-10948,206546,944598,718336,0,0,0,0,50520,0,0
2251-2325-10950,264191,675958,950411,0,0,0,0,29440,0,0
2252-2326-10954,1039476,240241,625851,0,0,0,0,14432,0,0
2253-2327-10956,131732,552416,856597,57453,294686,0,0,27116,0,0
2254-2328-10958,177023,846090,800762,64257,0,0,0,31868,0,0
2255-2329-10960,235503,919353,715127,0,0,0,0,50017,0,0
2256-2330-10970,358585,854585,635934,0,0,0,0,70896,0,0
2256-2330-11420,84051,934882,678960,53329,0,0,79648,89130,0,0
2257-2331-10974,488496,1116669,268401,0,0,0,0,46434,0,0
2258-2332-10985,303542,532488,904065,59878,0,0,110107,9920,0,0
2259-2333-10986,697807,928237,239383,0,0,0,0,54573,0,0
2259-2333-10988,544353,1028321,307200,0,0,0,0,40126,0,0
226-230-1305,125380,1179328,463704,0,0,0,71648,79940,0,0
226-230-1308,8718,872397,961917,0,0,0,0,48075,0,28893
2260-2334-10990,169115,816737,756255,51083,0,0,90917,35893,0,0
2261-2335-10992,62509,584517,737838,32315,415812,0,0,28633,0,58376
2261-2335-12225,156628,847203,691864,39975,54909,0,38044,61011,0,30366
2262-2336-10996,18677,749498,1029226,0,0,0,0,122599,0,0
2262-2336-11010,32502,917024,813466,0,0,0,0,157008,0,0
2262-2336-24572,453481,711053,622140,0,0,0,42599,90727,0,0
2262-2336-24576,80135,766875,930283,0,0,0,17348,125359,0,0
2262-2336-26001,26963,666590,977305,79392,0,0,19340,68159,0,82251
2263-2337-11000,492769,749127,451350,0,226754,0,0,0,0,0
2264-2338-11007,122299,998926,742022,0,0,0,0,56753,0,0
2265-2339-11009,269443,853299,747540,0,0,0,0,49718,0,0
2265-2339-27611,428740,574922,605623,59794,171825,0,45329,33767,0,0
2265-2339-27612,588527,748360,493206,40010,0,0,34166,15731,0,0
2265-2339-29486,239413,512467,874709,88091,141549,0,63771,0,0,0
2266-2340-11014,284613,649556,884811,70615,0,0,0,30405,0,0
2266-2340-11644,22195,676552,1150132,71121,0,0,0,0,0,0
2266-2340-15215,422690,750429,641517,38178,0,0,32715,34471,0,0
2267-2341-11019,197352,1233883,402924,0,0,0,0,85841,0,0
2268-2342-11024,196572,970051,705230,0,0,0,0,48147,0,0
2268-2342-26677,300955,1085972,480823,0,0,0,0,52250,0,0
2268-2342-28109,126187,770072,662189,43979,0,119367,183482,14724,0,0
2268-2342-40136,555622,822291,466461,75626,0,0,0,0,0,0
2268-2342-49697,438337,590276,434412,86739,345919,0,24317,0,0,0
2268-2342-54542,456987,442534,907802,0,0,0,98890,13787,0,0
2268-2342-54543,90653,704091,834525,0,0,0,255153,35578,0,0
2268-2342-90239,233426,763575,611754,0,0,0,227782,47010,0,36453
2268-2342-90917,312452,684361,665612,65485,0,0,156700,18465,0,16925
2269-2343-11028,67798,1163721,644851,0,0,0,0,43630,0,0
227-231-1310,838180,908236,124636,0,0,0,21876,27072,0,0
227-231-1314,263814,1075193,530326,0,0,0,0,50667,0,0
2270-2344-11047,378518,1061228,254621,69698,0,0,106633,49302,0,0
2270-2344-11048,376697,1129705,218178,67540,0,0,112456,15424,0,0
2270-2344-11050,369239,1143609,191900,50366,0,0,133855,31031,0,0
2270-2344-11051,628046,977885,143783,54754,0,0,109720,5812,0,0
2270-2344-11052,46195,1065469,596164,47130,0,0,112110,52932,0,0
2270-2344-98425,23456,600328,1163777,26690,0,0,101804,3945,0,0
2271-2345-11057,164090,1001505,494352,0,0,0,0,117937,0,142116
2272-2346-11060,246476,1080225,513401,0,0,0,0,79898,0,0
2272-2346-11061,174430,684461,1005352,41324,0,0,0,14433,0,0
2273-2347-11067,995387,343130,581483,0,0,0,0,0,0,0
2274-2348-11068,163616,955571,778660,0,0,0,0,22153,0,0
2275-2349-11077,153274,474879,844046,5502,420814,0,0,21485,0,0
2276-2350-11081,127289,716784,965055,0,0,0,0,70722,0,40150
2277-2351-11083,80120,1075657,639352,0,0,0,24216,76421,0,24234
2278-2352-11085,526942,658784,235557,0,435688,0,48816,14213,0,0
2279-2353-11090,389706,742716,712744,44521,0,0,20390,9923,0,0
228-232-1318,460086,632460,714480,17837,0,0,0,95137,0,0
2280-2354-11093,310092,943009,619794,0,0,0,0,47105,0,0
2280-2354-12032,420615,531354,897728,70303,0,0,0,0,0,0
2281-2355-11095,154901,1085920,516367,0,0,0,0,162812,0,0
2282-2356-11097,110678,1162142,513855,0,0,0,0,55146,0,78179
2283-2357-11816,34862,639825,1100083,51750,0,0,71103,22377,0,0
2284-2359-11107,290473,1085502,442304,40659,0,0,34586,26476,0,0
2284-2359-12269,784392,693979,349797,70323,0,0,0,0,0,21509
2285-2360-11123,243670,542752,1060780,0,0,0,64888,7910,0,0
2285-2360-89109,94117,747946,1030367,0,0,0,0,47570,0,0
2286-2361-11127,324412,430210,1045075,0,0,0,79229,41074,0,0
2287-2362-11128,206063,409378,1304559,0,0,0,0,0,0,0
2288-2363-11131,494414,597682,706553,18265,0,0,57219,12157,0,33710
2288-2363-11845,580668,442874,791587,62898,0,0,0,14268,0,27705
2289-2364-11143,111779,1045610,704574,0,0,0,0,58037,0,0
229-233-1322,682132,778022,396760,63086,0,0,0,0,0,0
2290-2365-11150,412315,1237192,241581,0,0,0,0,28912,0,0
2290-2365-12911,103926,949939,697888,86111,0,0,46246,35890,0,0
2291-2366-11155,171726,965942,735425,0,0,0,0,46907,0,0
2291-2366-11156,305657,935807,632845,0,0,0,0,45691,0,0
2291-2366-11159,296997,900132,678337,0,0,0,0,44534,0,0
2291-2366-11160,621680,661989,590908,0,0,0,0,45423,0,0
2291-2366-19091,512238,803514,580594,0,0,0,0,23654,0,0
2291-2366-19092,522157,966383,378329,0,0,0,0,53131,0,0
2291-2366-19094,157654,910336,805063,0,0,0,0,46947,0,0
2292-2367-11163,677216,864143,367723,0,0,0,0,10918,0,0
2292-2367-12296,242004,929351,615637,105412,0,0,0,27596,0,0
2292-2367-12300,321275,884467,612328,43509,0,0,46654,11767,0,0
2293-2368-11164,158572,1031301,499073,155587,0,0,28292,47175,0,0
2293-2368-11165,376299,954107,402945,94726,0,0,28915,63008,0,0
2294-2369-11169,461705,1109302,306336,0,0,0,0,42657,0,0
2294-2369-11171,676001,1004638,186709,0,0,0,0,52652,0,0
2294-2369-11172,717102,1048890,125953,0,0,0,0,28055,0,0
2295-2370-11177,166014,1084127,541203,0,0,0,82850,45806,0,0
2296-2371-11178,1015644,421370,460983,0,0,0,0,12901,0,9102
2296-2371-11179,906655,401298,597932,0,0,0,0,14115,0,0
2297-2372-11184,352684,814967,707152,0,0,0,0,45197,0,0
2297-2372-11185,720748,809978,339573,0,0,0,0,49701,0,0
2298-2373-11188,159917,1008905,634623,0,0,0,0,54579,0,61976
2298-2373-12282,246455,1077046,398421,46291,0,0,49708,33563,0,68516
2299-2374-11202,429822,1135814,266571,0,0,0,12139,75654,0,0
2299-2374-11686,96524,840171,893593,0,0,0,38265,51447,0,0
2299-2374-11691,186498,976531,716828,0,0,0,0,40143,0,0
2299-2374-11692,434884,1091222,247421,0,0,0,106830,22094,0,17549
23-23-1357,672792,400173,752824,74049,0,0,0,20162,0,0
2300-2375-11201,226654,1005880,524052,0,0,0,0,163414,0,0
2300-2375-51527,108573,1029524,660649,0,0,0,57134,64120,0,0
2301-2376-11204,106324,886032,831935,0,0,0,72143,23566,0,0
2301-2376-39688,505347,660064,686548,55238,0,0,0,12803,0,0
2302-2377-11207,344118,1086078,443940,0,0,0,18726,27138,0,0
2302-2377-11208,137750,1066496,682258,0,0,0,0,33496,0,0
2302-2377-37965,36378,1038005,836779,0,0,0,0,8838,0,0
2302-2377-37967,125013,998040,757733,0,0,0,0,39214,0,0
2302-2377-37969,237933,1087043,538378,23740,0,0,0,32906,0,0
2302-2377-37970,215818,1096949,562462,26904,0,0,0,17867,0,0
2302-2377-39433,74492,793075,935799,84561,0,0,0,32073,0,0
2302-2377-39434,255185,890541,665596,71229,0,0,35480,1969,0,0
2303-2378-11210,52387,919321,938009,0,0,0,0,10283,0,0
2303-2378-11213,380056,1010468,468126,0,0,0,18876,42474,0,0
2303-2378-11214,139124,896359,860873,0,0,0,0,23644,0,0
2303-2378-13288,85350,928356,828698,41042,0,0,0,36554,0,0
2303-2378-13289,52849,725672,1063253,42258,0,0,0,35968,0,0
2304-2379-11216,756433,453137,695382,0,0,0,0,15048,0,0
2305-2380-11218,111327,1150839,498569,0,0,0,0,159265,0,0
2305-2380-14196,90127,1013293,666714,0,0,0,0,149866,0,0
2305-2380-19259,76242,1144989,547629,0,0,0,0,151140,0,0
2306-2381-11219,330248,1143210,412643,0,0,0,0,33899,0,0
2307-2382-11220,277545,995896,559494,0,0,0,18614,68451,0,0
2308-2383-11221,527208,1091571,221040,0,0,0,0,80181,0,0
2308-2383-11223,341223,1064873,441090,0,0,0,0,72814,0,0
2309-2384-11224,87537,791998,960980,28378,0,0,26295,24812,0,0
2309-2384-12018,165005,719905,906109,40195,0,0,77262,11524,0,0
231-235-1324,522681,601893,641868,0,0,0,84714,32771,0,36073
2310-2386-11233,358350,1112190,413282,0,0,0,0,36178,0,0
2311-2387-11240,326901,672021,888324,0,0,0,0,32754,0,0
2311-2387-17936,639894,459352,699461,0,0,0,106189,15104,0,0
2311-2387-17939,220999,382875,1193086,0,0,0,43445,11333,0,68262
2312-2388-11244,37393,996486,773661,0,0,0,98556,13904,0,0
2312-2388-11245,38062,1126120,650763,0,0,0,93097,11958,0,0
2313-2389-11249,639752,686876,488965,0,0,0,0,76580,0,27827
2314-2390-11250,150065,759056,955388,0,0,0,0,55491,0,0
2315-2391-11257,106217,578760,450031,82407,652747,0,0,0,0,49838
2315-2391-11258,247872,565052,386151,54104,519694,0,0,49660,0,97467
2316-2392-11261,233760,542295,1131277,0,0,0,0,12668,0,0
2316-2392-11262,433331,587771,681437,0,0,0,80622,19941,0,116898
2317-2393-11263,128046,874869,826388,0,0,0,0,90697,0,0
2317-2393-11264,861295,915373,67654,0,0,0,0,75678,0,0
2317-2393-11266,466653,1028257,345780,0,0,0,0,79310,0,0
2318-2394-11267,187024,664099,740681,44814,176635,0,69844,36903,0,0
2318-2394-11270,331111,978123,424712,0,0,0,93881,92173,0,0
2318-2394-11272,478746,1090154,239548,0,0,0,0,111552,0,0
2318-2394-11273,371922,926257,538741,0,0,0,0,83080,0,0
2318-2394-11274,339250,834972,529789,17532,98905,0,58010,41542,0,0
2319-2395-11287,128379,851918,786340,48369,0,0,0,104994,0,0
232-236-1326,228453,1188346,445441,0,0,0,0,57760,0,0
232-236-1330,211828,1175847,432981,0,0,0,0,99344,0,0
232-358-1949,216737,1039251,528598,83132,0,0,0,52282,0,0
2320-2396-11279,352493,617535,907784,0,0,0,10216,31972,0,0
2320-2835-13386,224758,298867,1369400,0,0,0,0,26975,0,0
2320-2835-13388,652105,482821,750609,0,0,0,6812,27653,0,0
2321-2397-11281,50182,770064,1073789,0,0,0,0,25965,0,0
2321-2397-11282,70631,800154,1022603,0,0,0,0,26612,0,0
2322-2398-11284,485121,974183,304443,48726,0,0,81994,25533,0,0
2323-2399-11288,31954,695128,1061171,68164,0,0,63583,0,0,0
2324-2400-11289,16153,666365,1177105,0,0,0,0,60377,0,0
2324-2400-11291,193859,928525,714740,0,0,0,0,82876,0,0
2325-2401-11293,356001,597807,891393,58559,0,0,0,16240,0,0
2326-2402-11294,526352,1105635,256082,0,0,0,0,31931,0,0
2326-2402-11296,389160,1399492,77623,0,0,0,0,53725,0,0
2326-2402-14452,58033,1189187,542748,73343,0,0,0,56689,0,0
2326-2402-14454,437477,1338022,69416,56596,0,0,0,18489,0,0
2327-2403-11298,212813,811966,801175,0,0,0,12610,81436,0,0
2327-2403-11300,226085,980931,687139,0,0,0,0,25845,0,0
2327-2403-11301,65390,813731,938858,0,0,0,12178,89843,0,0
2328-2404-11302,194647,702905,796032,25205,0,0,125040,76171,0,0
2329-2405-11310,249701,1188593,456247,0,0,0,0,25459,0,0
2329-2405-11311,51157,1163056,679156,0,0,0,0,26631,0,0
2329-2405-11312,995968,858588,52968,0,0,0,0,12476,0,0
233-237-1332,487212,916070,429711,0,0,0,0,23541,0,63466
2330-2406-11315,492970,673876,705154,0,0,0,0,48000,0,0
2330-2406-11316,643828,761748,436237,14855,0,0,0,63332,0,0
2331-2407-11318,151152,1050559,653524,0,0,0,0,64765,0,0
2332-2408-11319,278636,912381,655547,0,0,0,0,34543,0,38893
2332-2408-11321,468829,572855,691821,0,0,0,0,47777,0,138718
2333-2409-11323,787854,726289,358184,0,0,0,0,47673,0,0
2334-2410-11325,219806,1240498,373760,0,0,0,0,85936,0,0
2334-2410-11334,397909,1118631,335152,0,0,0,0,68308,0,0
2334-2410-11337,170301,1223604,426291,0,0,0,0,99804,0,0
2334-2410-11338,591367,958841,295686,0,0,0,0,74106,0,0
2335-2411-11343,465597,996588,425530,32285,0,0,0,0,0,0
2335-2411-11344,454955,943079,459928,42672,0,0,0,19366,0,0
2335-2411-12301,120990,983680,791851,12276,0,0,0,11203,0,0
2335-2411-12303,82114,740354,1055374,21599,0,0,0,20559,0,0
2336-2412-11349,738867,567569,573397,0,0,0,0,3520,0,36647
2337-2413-11361,301206,749977,805453,0,0,0,0,63364,0,0
2337-2413-11362,516127,786296,586708,0,0,0,0,30869,0,0
2338-2414-11364,112453,821722,668233,30001,253803,0,88,33700,0,0
2339-2415-11366,241745,536279,1102431,0,0,0,0,39545,0,0
234-238-1339,242960,823517,781997,0,0,0,0,71526,0,0
234-238-1342,287384,869172,605323,0,0,0,52460,105661,0,0
234-238-19829,453245,861920,536230,0,0,0,0,68605,0,0
2340-2416-11371,782970,658260,433148,0,0,0,0,45622,0,0
2340-2416-11373,462585,602387,851656,0,0,0,0,3372,0,0
2341-2417-12283,778635,465776,556431,63253,0,0,44119,11786,0,0
2342-2418-11387,388173,1205714,271696,0,0,0,0,54417,0,0
2342-2418-11388,219011,1250079,387799,0,0,0,0,63111,0,0
2342-2418-11390,120765,1069463,637330,0,0,0,0,92442,0,0
2342-2418-14069,33390,662258,1126420,43480,0,0,0,54452,0,0
2342-2418-14089,36809,641027,1157089,38926,0,0,0,46149,0,0
2343-2419-11394,590990,926265,335950,0,0,0,0,66795,0,0
2343-2419-11395,466749,772686,623342,0,0,0,0,57223,0,0
2344-2420-11396,133909,997077,622578,46264,0,0,31929,88243,0,0
2345-2421-11408,601162,911215,379175,0,0,0,0,28448,0,0
2345-2421-11920,687465,917308,283278,0,0,0,0,31949,0,0
2346-2422-11409,477305,700045,470072,10574,234665,0,77,27262,0,0
2346-2422-11411,194587,705343,756542,0,244637,0,0,18891,0,0
2347-2423-11422,510985,792583,195067,35610,336835,0,43,48877,0,0
2347-2423-11903,320785,761027,418922,80955,299157,0,62,39092,0,0
2347-2423-12696,200757,705703,665896,40129,250319,0,33493,23703,0,0
2347-2423-12697,238454,802333,541731,48531,260390,0,0,28561,0,0
2347-7692-37515,307035,637006,924819,33878,0,0,0,17262,0,0
2349-2425-11430,133336,1221749,492027,0,0,0,0,72888,0,0
2349-2425-12047,121427,1179567,424850,50618,0,0,88506,55032,0,0
235-239-1346,87512,838986,905085,0,0,0,0,88417,0,0
235-239-1347,500602,907212,289932,0,0,0,20113,82650,0,119491
2350-2426-11434,201417,1020310,500445,0,0,0,65826,132002,0,0
2350-2426-11435,170367,1052867,609673,0,0,0,21023,66070,0,0
2350-2426-11437,362310,1151523,335825,0,0,0,0,70342,0,0
2350-2426-26714,183350,1150197,465941,0,0,0,22975,97537,0,0
2350-2426-28010,209060,881091,669177,67407,0,0,30720,62545,0,0
2351-2427-11438,248954,1080675,497177,0,0,0,0,93194,0,0
2352-2428-11440,354350,1335427,136777,0,0,0,0,93446,0,0
2353-2429-11445,703836,714942,488936,0,0,0,0,12286,0,0
2354-2430-11462,201349,1041086,538321,26972,0,0,58371,53901,0,0
2355-2431-11464,460522,1030548,369004,0,0,0,47700,12226,0,0
2356-2432-11466,71348,980442,817919,0,0,0,0,50291,0,0
2357-2433-11468,194436,1142906,481263,0,0,0,47023,54372,0,0
2357-2433-12766,447975,822990,544678,67082,0,0,0,17359,0,19916
2357-2433-12769,114306,679077,957365,0,0,0,0,63340,0,105912
2357-2433-12770,284302,838913,637526,0,0,0,0,62663,0,96596
2357-2433-14560,146452,738354,787569,72103,0,0,0,16392,0,159130
2358-2434-11470,207986,968833,665877,0,0,0,0,77304,0,0
2358-2434-13018,71969,768457,912828,55762,0,0,43218,67766,0,0
2358-8374-40778,162491,948324,667353,5024,0,0,0,107860,0,28948
2358-8374-41460,209617,1159538,324979,41046,0,0,40457,98463,0,45900
2358-8374-41646,98692,1222548,299689,64605,0,0,47223,150989,0,36254
2359-2435-11472,322383,897965,561163,41310,0,0,54342,42837,0,0
236-240-1352,220553,1082998,395070,21036,137806,0,33574,28963,0,0
236-240-1980,138207,961826,487283,85926,194537,0,16112,36109,0,0
236-240-1998,92240,813564,739108,66545,190874,0,17669,0,0,0
236-240-87936,155700,708329,719220,60041,197975,0,78735,0,0,0
2360-2436-11474,41804,1041192,743506,0,0,0,0,41618,0,51880
2361-2437-11476,275194,974663,520452,0,0,0,44409,105282,0,0
2362-2438-12593,393962,784088,631720,25365,0,0,0,27963,0,56902
2362-2438-13919,257307,804908,765404,54348,0,0,0,19358,0,18675
2363-2439-11484,217402,1161300,501928,0,0,0,0,39370,0,0
2364-2440-11486,44684,835285,925714,0,0,0,94451,19866,0,0
2364-2440-13314,45865,883137,899548,51149,0,0,0,40301,0,0
2365-2441-11488,436759,986496,414434,2961,0,0,0,52491,0,26859
2366-2442-11492,153667,944701,739539,0,0,0,54355,27738,0,0
2367-2443-11495,1062714,220330,627971,0,0,0,0,8985,0,0
2367-2443-11496,1158639,178446,576900,0,0,0,0,6015,0,0
2368-2444-11497,149052,1236557,389219,0,0,0,0,99696,0,45476
2368-2444-15080,571066,802212,472428,0,0,0,0,74294,0,0
2369-2445-11506,169033,1241708,320271,21432,109879,0,0,57677,0,0
2369-2445-11507,292419,1039730,405710,27702,51599,0,0,102840,0,0
2369-2445-14012,185576,1001649,403148,134624,54667,0,140336,0,0,0
2369-2445-14016,208865,1100714,384625,36897,130491,0,0,58408,0,0
2369-2445-14018,399927,785277,430586,36116,156939,0,36482,74673,0,0
2369-2445-15320,486999,911472,244316,101899,110433,0,64881,0,0,0
2369-2445-15321,429092,871909,324558,81094,148589,0,64758,0,0,0
2369-2445-15323,248021,887865,449212,100320,138852,0,73160,22570,0,0
2369-2445-15324,193200,976431,334905,143910,123712,0,147842,0,0,0
237-241-1356,488673,771987,616590,0,0,0,0,42750,0,0
2370-2446-11509,180495,1048315,508004,0,0,0,0,183186,0,0
2371-2447-11519,216716,836800,800977,0,0,0,0,65507,0,0
2371-2447-11521,574188,750766,541070,0,0,0,12731,41245,0,0
2372-2448-11523,51191,581522,1068616,0,184671,0,0,34000,0,0
2373-2449-11525,151941,945254,703551,0,0,0,85286,33968,0,0
2374-2450-11531,466578,1097877,319750,0,0,0,0,35795,0,0
2375-2451-11536,96697,910800,791532,0,0,0,0,120971,0,0
2376-2452-11537,22452,751030,1085089,0,0,0,0,61429,0,0
2377-2453-11538,155390,1050955,554842,59648,0,0,99165,0,0,0
2378-2454-11539,126387,1241915,374228,0,0,0,0,84497,0,92973
2378-2454-12952,231712,1232926,227158,69359,0,0,0,62222,0,96623
2379-2455-11542,149661,1082766,420937,48886,0,0,122638,0,0,95112
238-242-1359,262415,1300932,299871,0,0,0,0,56782,0,0
2380-2456-11552,19501,949591,885595,0,0,0,46430,18883,0,0
2380-2456-11553,183190,455941,816924,37284,426661,0,0,0,0,0
2380-2456-11558,153994,1040838,691254,0,0,0,0,33914,0,0
2381-2457-11556,418646,826907,645058,0,0,0,0,29389,0,0
2381-2457-11559,256339,580138,1065879,0,0,0,0,17644,0,0
2381-2457-19722,107113,1016899,624350,67357,0,0,76606,27675,0,0
2381-2457-19724,471424,526014,806556,44588,0,0,71418,0,0,0
2382-2458-11564,391254,844243,408392,0,215365,0,0,20173,0,40573
2382-2458-11565,255120,924919,606551,0,108178,0,0,25232,0,0
2383-2459-11566,101216,657816,803596,0,288148,0,0,69224,0,0
2384-2460-11576,515345,877061,461334,35518,0,0,0,30742,0,0
2385-2461-11588,679172,529713,646089,0,0,0,46233,18793,0,0
2385-2461-11590,126760,765979,892614,0,0,0,101143,33504,0,0
2386-2462-11582,748467,462859,524893,0,174201,0,0,9580,0,0
2386-2462-12083,666966,398205,448905,40386,269498,0,72983,0,0,23057
2387-2463-11584,225664,1008191,642474,0,0,0,0,43671,0,0
2387-2463-13476,190283,1013017,640733,75967,0,0,0,0,0,0
2387-2463-17959,616046,284089,1015861,0,0,0,0,4004,0,0
2387-2463-17961,589599,322418,1005318,0,0,0,0,2665,0,0
2388-2464-11592,304766,1179971,399072,0,0,0,0,36191,0,0
2389-2465-30995,289994,988750,387612,27879,86264,0,109390,30111,0,0
2389-2465-30996,93086,911859,622666,27378,171684,0,65439,27888,0,0
2389-2465-30997,134744,1179218,502995,33799,0,0,30114,39130,0,0
2389-2465-30998,570625,652842,429521,66055,72521,0,107500,20936,0,0
2389-2465-30999,236818,600658,496926,78948,506650,0,0,0,0,0
2389-2465-31587,55369,643780,734536,87089,282311,0,116915,0,0,0
2389-2465-31588,290843,1020647,451660,102648,0,0,34791,19411,0,0
2389-2465-38922,210613,714135,595000,72438,220417,0,35421,12418,0,59558
2389-2465-39275,139834,675613,713017,103070,251366,0,37100,0,0,0
2389-2465-39276,165439,698114,724824,93479,190296,0,47848,0,0,0
239-243-1362,103852,888194,720414,0,139476,0,0,68064,0,0
2390-2466-11601,268032,1046099,493622,0,0,0,39355,72892,0,0
2390-2466-14229,93228,768787,820143,51776,0,0,142666,35838,0,7562
2391-2467-11610,362649,913123,602363,0,0,0,0,28250,0,13615
2392-2468-11710,89665,1179465,535214,0,0,0,0,51793,0,63863
2393-2469-11614,60435,1085900,680018,0,0,0,0,93647,0,0
2393-2469-12717,28469,906292,840774,97241,0,0,0,47224,0,0
2393-2469-12718,893419,778226,86636,0,0,0,102979,58740,0,0
2393-2469-12719,8073,321009,1526191,42119,0,0,0,22608,0,0
2393-2469-12720,148670,1121675,462144,59607,0,0,87067,40837,0,0
2393-2469-12722,199568,1220856,360700,76607,0,0,0,62269,0,0
2394-2470-11615,49158,879804,871973,19671,0,0,0,35826,0,63568
2395-2471-11617,185725,811171,626500,0,228810,0,0,67794,0,0
2396-2472-11623,303306,19616,1597078,0,0,0,0,0,0,0
2396-2472-11624,584442,720487,596118,0,0,0,0,9511,0,9442
2396-2472-11626,728574,41646,1149780,0,0,0,0,0,0,0
2396-2472-11628,276347,514560,1120731,0,0,0,0,8362,0,0
2396-2472-11643,771019,31321,1117660,0,0,0,0,0,0,0
2397-2473-11632,134375,403123,1361746,0,0,0,0,20756,0,0
2398-2474-11633,131649,1084798,637984,0,0,0,37567,28002,0,0
2398-2474-11637,530961,921166,428375,0,0,0,27520,11978,0,0
2399-2475-11638,422145,856478,590323,0,0,0,0,41523,0,9531
2399-2475-11639,724721,704832,467803,0,0,0,0,22644,0,0
2399-2475-11640,536234,801953,555595,0,0,0,0,26218,0,0
24-24-118,453234,1146701,238146,0,0,0,0,81919,0,0
24-24-124,312222,1057690,484698,0,0,0,0,65390,0,0
24-24-125,255079,1008170,569166,0,0,0,0,87585,0,0
24-378-2012,307219,1093732,416206,43398,0,0,21515,37930,0,0
240-244-1363,278212,731876,759899,105048,0,0,24330,20635,0,0
2400-2476-11642,251489,1071492,559501,0,0,0,0,37518,0,0
2401-2477-11645,29227,897645,747259,0,0,0,188628,0,0,57241
2401-2477-11648,208760,1071732,412162,0,0,0,173964,10802,0,42580
2402-2478-11649,236674,1150997,405253,94796,0,0,0,32280,0,0
2402-2478-11650,278863,1066955,449257,84599,0,0,0,40326,0,0
2402-2478-12478,26590,697142,1105212,35751,0,0,0,55305,0,0
2403-2479-11653,263925,1146926,395335,0,0,0,58394,55420,0,0
2403-2479-11654,323183,1330582,246473,0,0,0,0,19762,0,0
2404-2480-11659,632702,1038616,229913,0,0,0,0,18769,0,0
2404-2480-11661,635785,833674,450541,0,0,0,0,0,0,0
2405-2483-11667,1240127,518860,124080,0,0,0,0,36933,0,0
2405-2483-11668,1336150,433939,123407,0,0,0,0,26504,0,0
2406-2484-11671,1090142,189819,274143,41033,324266,0,597,0,0,0
2407-2485-11672,880217,722860,152571,0,0,0,74503,89849,0,0
2407-2485-11674,291452,699995,778196,0,0,0,83836,66521,0,0
2407-2485-11675,391593,670642,717111,0,0,0,83106,57548,0,0
2407-2485-14235,121852,639345,1033636,50386,0,0,19820,22587,0,32374
2407-2485-14244,189663,587290,1001179,34720,0,0,17965,66826,0,22357
2407-2485-14246,183969,596049,997803,31453,0,0,22811,64303,0,23612
2408-2486-11677,343886,1123396,404493,0,0,0,0,48225,0,0
2408-2486-14031,677235,595931,557317,77087,0,0,0,12430,0,0
2408-2486-14037,255164,905351,706305,35324,0,0,0,17856,0,0
2408-2486-14039,500103,513429,835288,71180,0,0,0,0,0,0
2409-2487-11678,255205,155203,1470341,0,0,0,0,8184,0,31067
2409-2487-11679,870333,538499,471972,22169,0,0,0,17027,0,0
2409-2487-11681,663312,463599,711674,0,0,0,0,43049,0,38366
2409-2487-12844,331004,287275,1216332,41855,0,0,0,0,0,43534
241-245-1365,480223,699682,629595,0,0,0,46186,52809,0,11505
2410-2488-11684,744901,790896,341265,0,0,0,0,42938,0,0
2410-2488-11685,600478,899450,378281,0,0,0,0,41791,0,0
2410-2488-13270,234917,907672,708118,33805,0,0,0,35488,0,0
2410-2488-13274,324612,775635,766941,26339,0,0,0,26473,0,0
2411-2490-11696,153985,1485123,179561,0,0,0,0,101331,0,0
2412-2491-11700,382443,717698,456151,9735,241185,0,93268,19520,0,0
2412-2491-11701,200031,925487,749419,0,0,0,0,45063,0,0
2412-2491-11702,378622,660409,797986,0,0,0,46199,36784,0,0
2412-2491-11703,346409,807128,641815,0,0,0,91665,32983,0,0
2412-2491-11704,576062,485272,482040,7309,253021,0,97398,18898,0,0
2412-2491-11706,350595,778538,642592,0,0,0,114413,33862,0,0
2413-2492-11713,469089,503223,933422,0,0,0,0,14266,0,0
2413-2492-11714,347188,729159,833680,0,0,0,0,9973,0,0
2414-2493-11716,982276,508848,399879,15441,0,0,0,13556,0,0
2414-2493-11717,1149288,509896,233153,8207,0,0,0,19456,0,0
2414-2493-11719,751124,361220,787002,9294,0,0,0,11360,0,0
2415-2494-11723,197140,1296923,383725,0,0,0,0,42212,0,0
2415-2494-11724,372545,1280559,229195,0,0,0,0,37701,0,0
2415-2494-11725,558906,1225515,123561,0,0,0,0,12018,0,0
2416-2495-11732,88952,1005780,788697,0,0,0,0,36571,0,0
2416-2495-11733,726284,921054,261779,0,0,0,0,10883,0,0
2417-2496-11734,132264,1129236,603080,0,0,0,0,55420,0,0
2417-2496-11736,93029,1017700,775330,0,0,0,0,33941,0,0
2418-2497-11738,464113,664228,780942,0,0,0,0,10717,0,0
2419-2498-11745,98517,516934,1143135,68658,0,0,69201,23555,0,0
2419-2498-11746,183531,1045500,517566,41774,0,0,105783,25846,0,0
2419-2498-11747,171020,746420,778981,82252,0,0,111107,30220,0,0
242-246-1371,182382,970700,429839,35067,176205,0,0,74308,0,51499
242-246-1372,196263,941060,489429,0,38946,0,0,59760,0,194542
2420-2499-11749,345651,1142295,422037,0,0,0,0,10017,0,0
2420-2499-15652,276920,1193906,335685,91097,0,0,0,22392,0,0
2420-2499-16613,126812,981897,638908,153073,0,0,0,19310,0,0
2420-2499-16619,226651,998805,586442,74634,0,0,0,33468,0,0
2421-2500-11751,285555,822627,587249,14709,188511,0,18,21331,0,0
2421-2500-11762,983483,503987,227723,55945,148862,0,0,0,0,0
2421-2500-11764,224086,750881,674082,86643,136903,0,1,47404,0,0
2421-2500-12229,63628,528145,1025512,44211,175145,0,54943,28416,0,0
2421-2500-12231,50205,544932,998539,65107,168449,0,58772,33996,0,0
2422-2501-11756,244924,1376048,265847,0,0,0,0,33181,0,0
2422-2501-19806,130344,1108975,616097,0,0,0,0,64584,0,0
2422-2501-19807,470934,1058205,306546,0,0,0,21592,35424,0,27299
2422-2501-20224,120966,1383323,316661,49758,0,0,0,49292,0,0
2422-2501-20248,451352,956466,414677,56868,0,0,0,29294,0,11343
2423-2502-11757,719715,985517,177655,0,0,0,0,37113,0,0
2423-2502-11759,527315,1239923,137565,0,0,0,0,15197,0,0
2423-2502-11761,69774,1138527,697449,0,0,0,0,14250,0,0
2424-2503-11766,227743,1009166,492939,0,0,0,118581,71571,0,0
2424-2503-12249,454335,1099416,229573,78378,0,0,0,58298,0,0
2424-2503-12250,190587,1114935,459932,85988,0,0,0,68558,0,0
2424-2503-12251,571672,1047120,171026,92741,0,0,0,37441,0,0
2424-2503-12252,225303,1208018,367218,104420,0,0,0,15041,0,0
2424-2503-13330,280351,989490,486395,61015,0,0,57661,45088,0,0
2425-2504-11769,593577,1007504,219825,0,0,0,0,99094,0,0
2425-2504-11771,104463,955751,790634,0,0,0,0,69152,0,0
2426-2505-11772,367601,914092,617433,0,0,0,0,20874,0,0
2426-2505-11774,481104,812821,556467,0,0,0,0,69608,0,0
2426-2505-13357,396324,925581,509853,58706,0,0,0,29536,0,0
2426-2505-13363,35932,618425,1156514,30037,0,0,0,63552,0,15540
2427-2506-11775,203742,938504,668708,0,0,0,73795,35251,0,0
2428-2507-11779,532594,372964,910916,30063,0,0,54507,18956,0,0
2428-2507-14205,660035,702524,398215,74394,0,0,0,26797,0,58035
2428-2507-14210,915136,381132,471365,49147,0,0,74870,17492,0,10858
2429-2508-11780,698403,629473,567269,0,0,0,0,24855,0,0
2429-2508-11781,701516,572320,619280,0,0,0,0,26884,0,0
2429-2508-11783,777058,565212,552528,0,0,0,0,25202,0,0
2429-2508-11784,524401,457753,854605,0,0,0,0,0,0,83241
243-247-1377,774822,396955,466291,16945,240067,0,4303,20617,0,0
2430-2509-11785,47448,1031733,773806,0,0,0,0,67013,0,0
2431-2510-11786,137752,1189870,493449,0,0,0,0,98929,0,0
2431-2510-11787,164802,765050,878865,0,0,0,0,111283,0,0
2431-2510-46196,197008,729341,632366,65935,263146,0,369,31835,0,0
2432-2511-11789,565391,985549,312136,0,0,0,0,56924,0,0
2433-2512-11794,655011,1018194,139336,0,0,0,0,107459,0,0
2433-2512-11797,379640,1128354,350991,0,0,0,0,61015,0,0
2434-2513-11807,165018,1021642,676019,0,0,0,0,57321,0,0
2434-2513-11808,600084,893259,357370,0,0,0,0,69287,0,0
2435-2514-11810,647928,909979,314018,0,0,0,48075,0,0,0
2435-2514-13781,332553,911890,521856,50913,0,0,78579,24209,0,0
2435-2514-13783,707715,668456,454825,71495,0,0,0,17509,0,0
2435-2514-13784,370162,960988,429843,76281,0,0,72838,9888,0,0
2436-2515-11812,370866,1155660,380853,0,0,0,0,12621,0,0
2437-2516-11813,567141,920116,432743,0,0,0,0,0,0,0
2437-2516-11815,653350,891202,360036,0,0,0,0,15412,0,0
2438-2517-11817,235695,1106676,249086,31168,246195,0,0,51180,0,0
2438-2517-11819,292023,956772,243093,25839,370472,0,0,31801,0,0
2439-2518-11824,132393,1071351,623514,0,0,0,0,92742,0,0
2439-2518-11825,53939,947078,829862,0,0,0,0,89121,0,0
2439-2518-11826,574991,1037601,234116,0,0,0,0,73292,0,0
244-248-1379,784750,471616,564016,0,0,0,75831,23787,0,0
2440-2519-11828,501708,712047,582299,43836,0,0,70949,9161,0,0
2440-2519-11837,194824,1006405,576380,17966,0,0,48164,76261,0,0
2441-2520-11829,516355,963164,248460,5012,0,0,171064,15945,0,0
2441-2520-11835,238698,1064104,486885,0,0,0,111184,19129,0,0
2442-2521-11830,204895,653696,1004013,0,0,0,0,57396,0,0
2442-2521-11831,312717,1001762,543864,0,0,0,0,61657,0,0
2442-2521-12934,134216,1024814,643114,74462,0,0,0,43394,0,0
2442-2521-12944,92147,789175,878095,54703,0,0,36606,69274,0,0
2443-2522-11832,475256,665430,680214,43868,0,0,16723,38509,0,0
2443-2522-11833,856549,575688,376949,23165,0,0,31923,55726,0,0
2444-2523-11838,260309,834039,773122,0,0,0,0,27520,0,25010
2445-2524-11844,338795,1101182,396445,0,0,0,0,36933,0,46645
2446-2525-11847,44505,955106,857425,0,0,0,0,62964,0,0
2446-2525-12309,341344,999885,468030,81712,0,0,0,29029,0,0
2446-2525-12313,500736,840829,409204,56214,0,0,0,53494,0,59523
2447-2526-11850,80291,879677,872449,0,0,0,0,87583,0,0
2447-2526-11851,354433,982816,492294,0,0,0,0,90457,0,0
2448-2527-11853,321350,1062991,457120,0,0,0,24503,54036,0,0
2448-2527-12746,513822,478080,840541,87557,0,0,0,0,0,0
2448-2527-12747,593032,656479,570831,40023,0,0,37174,22461,0,0
2448-2527-12749,515778,636016,604564,44838,0,0,79267,39537,0,0
2449-2528-11857,55258,857751,890576,0,0,0,0,116415,0,0
2449-2528-13966,58423,908938,735091,136045,0,0,0,81503,0,0
2449-2528-13968,571891,798491,407659,115980,0,0,0,25979,0,0
2449-2528-13969,329800,1083518,385385,64576,0,0,0,56721,0,0
2449-2528-35588,87684,1118209,632003,0,0,0,0,82104,0,0
2449-2528-35589,325318,998329,493465,0,0,0,0,102888,0,0
2449-2528-35590,804830,648083,358993,83147,0,0,0,24947,0,0
2449-2528-35591,32647,1193857,480801,130696,0,0,0,81999,0,0
2449-2528-37989,30570,1029588,679990,109686,0,0,0,70166,0,0
2449-2528-37994,55460,1026003,687518,86653,0,0,13895,50471,0,0
2449-2528-37995,565918,1072945,184599,58544,0,0,0,37994,0,0
245-249-1383,259034,1005671,571645,0,0,0,0,83650,0,0
2450-2529-11873,459051,980348,415497,0,0,0,0,65104,0,0
2451-2530-11875,316914,736233,768765,29233,0,0,0,68855,0,0
2452-2531-11878,459019,885078,534704,0,30386,0,0,10813,0,0
2452-2531-11884,400806,836738,400402,88659,193365,0,30,0,0,0
2452-2531-12674,495081,990068,256034,53905,124912,0,0,0,0,0
2452-2531-12676,669146,890976,129870,53078,176930,0,0,0,0,0
2452-2531-24240,578832,763394,275698,0,254754,0,0,47322,0,0
2452-2531-26510,145813,988132,753337,0,0,0,0,32718,0,0
2452-2531-26512,162846,895153,830788,0,0,0,0,31213,0,0
2453-15489-79611,80605,892310,683116,31686,130828,0,0,101455,0,0
2453-15489-80382,170463,669778,643821,166310,200765,0,68863,0,0,0
2453-15489-80385,258087,875045,478564,65457,219907,0,0,22940,0,0
2453-2532-11880,558456,616676,543941,30374,0,0,146122,24431,0,0
2453-2532-13196,576840,548180,613960,115374,0,0,65646,0,0,0
2453-2532-15924,657458,716768,464600,0,0,0,40449,40725,0,0
2453-2532-15926,91119,971297,749076,0,0,0,49739,58769,0,0
2453-2532-18441,840176,671967,341471,45552,0,0,0,20834,0,0
2453-2532-18442,208105,939192,672292,93742,0,0,6669,0,0,0
2453-2532-26068,235001,549933,1099337,0,0,0,0,35729,0,0
2453-2532-27985,499797,563331,778643,50008,0,0,0,28221,0,0
2453-2532-27997,618959,490358,760266,30845,0,0,0,19572,0,0
2453-2532-31127,129103,1102795,625286,0,0,0,0,62816,0,0
2453-2532-31128,163904,1162429,413187,58118,0,0,81807,40555,0,0
2453-2532-31130,287593,697373,629802,56481,165994,0,66605,16152,0,0
2453-2532-32247,939224,430937,51535,57711,440593,0,0,0,0,0
2453-2532-32248,137995,867346,700288,95896,0,0,101527,16948,0,0
2453-2532-32257,335734,872219,451367,61508,0,0,182405,16767,0,0
2453-2532-32258,232396,957088,583667,60376,0,0,66342,20131,0,0
2454-2533-11882,246720,970082,635459,0,0,0,0,67739,0,0
2455-2534-11891,222035,423622,937733,0,316904,0,131,19575,0,0
2455-2534-11892,657425,460706,439774,0,338629,0,115,23351,0,0
2456-2535-11897,815157,766658,227007,0,0,0,94852,16326,0,0
2456-2535-11898,79420,913052,897301,0,0,0,0,30227,0,0
2457-2536-11899,33224,1146185,638631,0,0,0,0,101960,0,0
2458-2537-11908,428489,1005310,428861,0,0,0,0,57340,0,0
2459-2538-11912,33082,946980,893475,0,0,0,0,46463,0,0
246-250-1385,83282,622015,1126965,16338,0,0,0,71400,0,0
246-250-1975,194150,669595,928432,52958,0,0,14755,60110,0,0
2460-2539-11913,465771,836054,531780,37969,0,0,0,48426,0,0
2461-2540-11922,466709,875779,509780,0,0,0,0,42233,0,25499
2462-2541-11926,278307,504104,1005970,0,90174,0,0,41445,0,0
2462-2541-11927,342096,546405,869672,0,115259,0,0,46568,0,0
2463-2542-11933,229329,1052704,536214,0,0,0,0,101753,0,0
2464-2543-11944,328222,1035440,387867,59514,0,0,0,69093,0,39864
2465-2544-11947,72001,847603,839499,82176,0,0,60299,18422,0,0
2465-2544-11953,621070,873223,338081,14601,0,0,62913,10112,0,0
2465-2544-11954,686822,752028,348414,33878,0,0,61627,37231,0,0
2466-2545-11980,272694,831041,790864,0,0,0,0,25401,0,0
2466-2545-11982,284043,971942,612923,0,0,0,0,51092,0,0
2467-2546-11974,223747,1025917,562199,50032,0,0,0,58105,0,0
2468-2547-11984,58003,942517,804411,0,0,0,43043,72026,0,0
2469-2548-11986,376600,1087958,382280,0,0,0,0,73162,0,0
2469-2548-12917,133753,1141049,500334,114050,0,0,0,30814,0,0
2469-2548-12925,174880,912137,622062,82980,0,0,108628,19313,0,0
2470-2549-11987,41014,724626,1062726,0,0,0,24837,66797,0,0
2470-2549-15146,235230,1037485,546723,100562,0,0,0,0,0,0
2470-2549-15147,32024,791486,989051,69560,0,0,21259,16620,0,0
2471-2550-11989,134950,867371,812405,0,24490,0,0,80784,0,0
2472-2551-11991,253542,596465,743615,50872,259612,0,0,15894,0,0
2473-2552-11995,361733,1029297,494177,0,0,0,0,34793,0,0
2473-2552-11996,175101,974351,725874,0,0,0,0,44674,0,0
2474-2553-11998,69185,741539,948879,0,63158,0,33227,64012,0,0
2475-2554-12000,507909,1412091,0,0,0,0,0,0,0,0
2476-2555-12002,140951,1008787,739787,0,0,0,0,30475,0,0
2476-2555-12988,154815,1112703,589496,62986,0,0,0,0,0,0
2476-2555-12989,182581,1005465,640880,70039,0,0,0,21035,0,0
2476-2555-12997,185981,1022861,640326,32028,0,0,25976,12828,0,0
2477-2556-12006,109116,1025582,683843,44364,0,0,0,57095,0,0
2478-2557-12008,343100,770692,724965,0,0,0,0,47967,0,33276
2478-2557-12012,835695,546076,502989,0,0,0,0,35240,0,0
2479-2558-12015,201335,976402,698962,0,0,0,0,43301,0,0
248-252-1390,104224,755451,960782,0,0,0,0,99543,0,0
248-252-1391,377703,947621,506685,0,0,0,0,59484,0,28507
248-252-1392,837530,753896,300613,0,0,0,0,27961,0,0
248-252-1393,652138,914253,297603,0,0,0,0,56006,0,0
248-252-1395,432686,764870,673573,0,0,0,0,48871,0,0
248-848-3962,167675,976024,729185,0,0,0,0,47116,0,0
248-848-3963,102882,974990,766040,0,0,0,0,76088,0,0
248-848-3964,626914,991774,284182,0,0,0,0,17130,0,0
2480-2559-12016,284757,1000220,582091,0,0,0,0,52932,0,0
2481-2560-12029,405555,924321,548475,0,0,0,0,41649,0,0
2481-2560-13545,435172,926881,389177,145701,0,0,0,23069,0,0
2481-2560-13550,124374,1101474,568093,93389,0,0,0,32670,0,0
2481-2560-13551,498662,603425,689200,114052,0,0,0,14661,0,0
2481-2560-13553,103562,904804,786544,91113,0,0,0,33977,0,0
2482-2561-12038,161071,772787,880571,0,0,0,46384,59187,0,0
2482-2561-14201,109434,717666,981884,40509,0,0,25139,45368,0,0
2482-2561-14209,240607,830934,719032,26178,0,0,80118,23131,0,0
2483-2562-12042,285266,1026457,544119,0,0,0,0,64158,0,0
2484-2563-12048,1171725,28065,720210,0,0,0,0,0,0,0
2484-2563-12049,886490,22158,1011352,0,0,0,0,0,0,0
2485-2564-12054,227761,296225,695206,0,700805,0,3,0,0,0
2487-2566-12058,301635,806123,599501,61407,0,0,137787,0,0,13547
2487-2566-12059,475292,737513,510358,135508,0,0,0,9118,0,52211
2488-2567-12068,667609,869240,238411,0,0,0,108883,35857,0,0
2488-2567-12069,271249,897441,693866,0,0,0,0,57444,0,0
2488-2567-12780,123627,1177344,511092,76060,0,0,20348,11529,0,0
2488-2567-12782,303489,949518,576738,49203,0,0,0,41052,0,0
2488-2567-12798,49542,830841,896145,100193,0,0,25584,17695,0,0
2488-2567-13668,161205,975329,671336,35788,0,0,0,76342,0,0
2489-2568-12074,496596,424116,911270,0,0,0,74514,13504,0,0
249-253-1396,317543,941456,612602,0,0,0,0,48399,0,0
249-253-1398,606665,895182,340241,0,0,0,0,77912,0,0
2490-2569-12075,39009,612514,1206205,0,0,0,0,62272,0,0
2490-2569-12078,80471,589909,1204259,0,0,0,0,45361,0,0
2491-2570-12079,207824,880188,766064,0,0,0,0,65924,0,0
2492-2571-12085,453806,1149486,291567,0,0,0,0,25141,0,0
2493-2572-12095,438988,849192,509346,0,0,0,63651,58823,0,0
2494-2573-12100,74724,873865,848252,0,0,0,0,123159,0,0
2495-2574-12106,239198,1097414,549209,0,0,0,0,34179,0,0
2495-2574-12155,565357,572381,715637,0,0,0,0,66625,0,0
2495-2574-12158,745110,458797,698232,0,0,0,0,17861,0,0
2496-2575-12108,227075,1170235,496854,0,0,0,0,25836,0,0
2496-2575-12957,275698,1295367,240312,85039,0,0,0,23584,0,0
2496-2575-34431,138532,1006558,698351,0,0,0,33544,43015,0,0
2496-2575-36323,51717,799308,879306,76562,0,0,83147,29960,0,0
2496-2575-36329,397475,843221,494593,65930,0,0,96815,21966,0,0
2496-2575-51071,354465,785854,601023,38057,0,0,104783,35818,0,0
2496-2575-65538,157845,1191304,282481,0,0,0,215094,73276,0,0
2496-2575-66862,149418,1037340,568045,55938,0,0,51743,57516,0,0
2496-2575-66871,185577,1024433,597098,34145,0,0,12448,66299,0,0
2497-2576-12109,244985,781234,838019,0,0,0,0,55762,0,0
2497-2576-12113,263573,1198137,390160,0,0,0,0,68130,0,0
2497-2576-12114,944817,764516,152552,0,0,0,0,58115,0,0
2498-2577-12119,159676,1177126,440178,79388,0,0,0,32410,0,31222
2498-2577-12131,108802,1162453,477403,48064,0,0,0,50995,0,72283
2499-2578-12123,25101,587447,1117635,48955,0,0,52910,87952,0,0
2499-2578-12124,171438,1022338,604946,0,0,0,51278,70000,0,0
2499-2578-12127,508101,953279,240928,59229,0,0,96358,62105,0,0
2499-2578-14280,249966,877286,590371,112447,0,0,0,60512,0,29418
2499-2578-14289,167287,901002,611774,69965,0,0,118011,51961,0,0
25-25-126,332494,1050936,261921,83886,0,9528,149918,31317,0,0
25-25-131,336717,854082,609232,0,0,0,42824,77145,0,0
25-25-132,219243,1102868,429792,63851,0,6117,65022,33107,0,0
250-254-1400,153822,987530,763257,0,0,0,0,15391,0,0
2500-2579-12130,102316,788153,929904,16733,0,0,50426,32468,0,0
2501-2580-12135,796338,380343,680911,47218,0,0,0,15190,0,0
2501-2580-12141,488257,417780,960486,29436,0,0,0,24041,0,0
2502-2581-12140,211913,667034,1021492,0,0,0,0,19561,0,0
2503-2582-12144,63606,834957,973078,0,0,0,0,48359,0,0
2504-2583-12148,207172,913262,608036,158278,0,0,33252,0,0,0
2505-2584-12150,637787,704136,517297,0,0,0,0,60780,0,0
2505-7331-35949,377865,1066865,307339,0,0,0,0,46308,0,121623
2506-2585-12154,578304,523718,655894,0,0,0,0,39064,0,123020
2507-2586-12161,574300,773755,405498,0,69353,0,0,41706,0,55388
2507-2586-12163,286406,398121,878327,0,0,330103,7,27036,0,0
2508-2587-12167,140558,838077,869097,0,0,0,0,72268,0,0
2508-2587-12168,95501,907471,869514,0,0,0,0,47514,0,0
2508-2587-73139,47974,810793,986221,0,0,0,49422,25590,0,0
2508-2587-73140,58730,811308,1005392,0,0,0,44570,0,0,0
2509-2588-12171,178348,904559,735073,0,0,0,0,102020,0,0
2509-2588-13117,41193,755643,1024850,48291,0,0,0,50023,0,0
2509-2588-13118,33358,420526,1377953,37765,0,0,0,50398,0,0
2509-2588-74629,316136,1260371,330633,0,0,0,0,12860,0,0
251-255-1402,64754,839644,814238,49372,0,0,90273,61719,0,0
2510-2589-12178,662057,824130,371643,40646,0,0,0,21524,0,0
2511-2590-12182,185843,1313897,289151,0,0,0,9554,121555,0,0
2512-2591-12184,577065,793529,514339,0,0,0,0,35067,0,0
2513-2592-12195,104876,1095493,577566,61780,0,0,36123,44162,0,0
2513-2592-12196,203747,1217833,352218,0,0,0,72173,74029,0,0
2514-2593-12206,167365,921267,587550,0,0,0,0,135929,107889,0
2514-2593-13366,102693,902833,736873,0,0,0,0,121643,55958,0
2514-2593-17026,157502,913238,589346,0,0,0,0,144323,115591,0
2514-2593-22373,96165,816009,784687,0,0,0,6,95607,127526,0
2514-2593-29610,121668,875955,785858,0,0,0,0,90481,46038,0
2514-2593-29613,163361,837715,752903,0,0,0,0,97427,68594,0
2514-2593-29614,63657,877267,832910,0,0,0,0,100918,45248,0
2514-2593-56481,55381,966350,721939,0,0,0,477,118302,57551,0
2515-2594-12209,304335,791008,406170,31579,275831,0,111077,0,0,0
2515-2594-12210,915562,580507,171833,0,231625,0,0,20473,0,0
2516-2595-12212,336820,1238293,288178,0,0,0,0,56709,0,0
2516-2595-12950,170173,1065050,601540,37462,0,0,18798,26977,0,0
2516-2595-13408,178449,884940,730524,18564,0,0,40360,67163,0,0
2517-2596-12214,133935,179719,915394,0,521998,0,0,0,0,168954
2518-2597-12216,392962,810060,562680,13995,110074,0,0,30229,0,0
2519-2598-12218,50615,909856,946183,0,0,0,0,13346,0,0
2519-2598-12220,192760,1231565,465494,0,0,0,0,30181,0,0
252-256-1410,314799,561758,961005,0,0,0,0,82438,0,0
2520-2599-12228,375304,554067,969999,0,0,0,0,20630,0,0
2521-2601-12236,794420,902075,71578,82351,0,0,69576,0,0,0
2521-2601-12238,166057,1305147,328656,64368,0,0,55772,0,0,0
2522-2602-12240,692161,710274,465441,0,0,0,0,52124,0,0
2522-2602-13169,547090,859778,442930,40766,0,0,0,29436,0,0
2522-2602-14128,497876,562545,796607,19171,0,0,20853,22948,0,0
2523-2603-12245,415341,999426,454956,0,0,0,0,50277,0,0
2523-2603-12246,373577,1195756,292000,0,0,0,0,58667,0,0
2523-2603-12979,526750,1106792,226624,0,0,0,0,59834,0,0
2523-2603-15213,977045,742147,96998,85447,0,0,0,18363,0,0
2523-2603-15216,588231,955268,241317,82012,0,0,0,53172,0,0
2523-2603-15217,1264817,465862,123856,65465,0,0,0,0,0,0
2524-2604-12254,233601,1087880,493896,0,0,0,0,85842,0,18781
2524-2604-12255,221311,1070336,479144,0,0,0,0,100734,0,48475
2524-2604-13114,117327,964729,673003,48430,0,0,0,78374,0,38137
2524-2604-13115,260566,967510,565626,66720,0,0,0,22449,0,37129
2525-2605-12256,43231,1001999,650831,54530,0,0,77621,91788,0,0
2526-2606-12257,100281,1134123,608240,10721,0,0,0,49143,0,17492
2526-2606-36947,356857,905736,627781,0,0,0,0,29626,0,0
2527-2607-12263,114798,910557,873355,0,0,0,0,21290,0,0
2528-2608-12268,247644,822401,509972,0,298540,0,113,41330,0,0
2529-2609-12273,107950,904608,645802,15591,0,0,40501,107478,0,98070
2529-2609-13493,93082,1097024,563025,38018,0,0,0,83497,0,45354
2529-2609-13494,56830,807445,823836,60485,0,0,39662,78496,0,53246
253-257-1412,155835,893442,781311,13835,0,0,24770,50807,0,0
2530-2610-12280,386792,863106,613232,42978,0,0,0,13892,0,0
2531-2611-12285,321210,617232,936307,0,0,0,0,45251,0,0
2532-2612-12291,610937,1091345,112660,0,0,0,0,105058,0,0
2533-2613-12293,569378,1012180,224830,19613,0,0,0,52743,0,41256
2534-2614-12294,392593,766137,682203,54010,0,0,25057,0,0,0
2535-2615-12305,275832,1247072,364099,0,0,0,0,32997,0,0
2536-2616-12307,109828,959222,721195,0,0,0,47375,82380,0,0
2537-2617-12317,718888,245578,911525,44009,0,0,0,0,0,0
2538-2618-12327,153904,864128,809773,18894,0,0,0,57717,0,15584
2538-2618-12328,742240,862889,277895,29569,0,0,0,7407,0,0
2539-2619-12330,85938,706938,968011,0,0,0,88626,52073,0,18414
254-258-1419,450855,715217,619868,0,0,0,0,134060,0,0
2540-2620-12332,179146,923220,705287,0,0,0,101707,10640,0,0
2541-2621-12338,90704,1021057,727569,0,0,0,0,45013,0,35657
2542-2622-12343,315725,722047,435606,9738,419734,0,0,17150,0,0
2542-2622-44626,202964,975344,550880,0,0,0,0,81135,0,109677
2543-2623-12347,144531,1054633,579192,17798,0,0,26031,50269,0,47546
2544-2624-12349,274361,1223518,303888,0,0,0,0,118233,0,0
2545-2625-12354,737866,547458,609787,0,0,0,0,24889,0,0
2545-2625-14301,346461,1014048,461615,82177,0,0,0,15699,0,0
2545-2625-14310,278148,810715,736068,33502,0,0,39648,21919,0,0
2546-2626-12360,113590,918580,699400,0,0,0,89145,99285,0,0
2546-2626-13581,252666,1064945,433671,0,0,0,101701,67017,0,0
2547-2627-12367,157400,726242,757230,20833,248715,0,0,9580,0,0
2547-2627-12369,323724,903001,343937,21948,276710,0,407,50273,0,0
2548-2628-12375,229715,449280,1208674,0,0,0,0,32331,0,0
255-259-1422,129581,1148508,573758,0,0,0,0,68153,0,0
2550-2630-12388,596111,631120,598914,0,0,0,0,53304,0,40551
2551-2631-12395,648691,579942,643049,0,0,0,0,48318,0,0
2552-2632-12396,119261,1119330,547917,0,0,0,0,133492,0,0
2553-2633-12399,648831,858147,383798,0,0,0,0,29224,0,0
2553-2633-12401,685311,911999,274524,0,0,0,0,48166,0,0
2553-2633-14292,844934,536188,402154,32307,0,0,64549,39868,0,0
2553-2633-14293,1094969,489599,206160,21820,0,0,80558,26894,0,0
2553-2633-14294,534602,363463,886726,25949,0,0,80568,28692,0,0
2553-2633-14295,40818,1081150,732132,0,0,0,0,65900,0,0
2553-2633-14297,116310,1094463,670078,0,0,0,0,39149,0,0
2553-2633-14706,425556,908677,461235,110713,0,0,0,13819,0,0
2553-2633-14714,155777,892658,712561,108846,0,0,19697,30461,0,0
2554-2634-12407,392689,1320556,116364,0,0,0,0,90391,0,0
2554-2634-12408,203245,1141778,500349,52166,0,0,0,22462,0,0
2555-2635-12410,264620,797888,821268,0,0,0,0,36224,0,0
2556-2636-12414,556771,416135,859675,87419,0,0,0,0,0,0
2557-2637-12419,322838,1257242,235151,0,0,0,0,104769,0,0
2557-2637-12422,262940,950754,640515,0,0,0,0,65791,0,0
2558-2638-12429,551055,977849,346254,0,0,0,0,44842,0,0
2558-2638-12430,464752,1043443,405336,0,0,0,0,6469,0,0
2559-2639-12434,96787,1150063,543418,0,0,0,0,102164,0,27568
256-260-1429,123732,711252,914704,25232,0,0,92498,52582,0,0
2560-2640-12436,192100,1279284,374413,0,0,0,0,74203,0,0
2561-2641-12443,278774,979602,580680,0,0,0,0,80944,0,0
2561-2641-12445,227911,905071,730554,0,0,0,0,56464,0,0
2561-2641-13001,107421,774591,980094,37453,0,0,0,20441,0,0
2561-2641-14057,144947,783764,926370,28858,0,0,0,36061,0,0
2562-2642-12449,650409,281256,918736,15161,41461,0,12977,0,0,0
2562-2642-70305,666786,498285,388231,68923,239934,0,57841,0,0,0
2562-2642-70314,556220,463420,625135,79444,88352,0,107429,0,0,0
2563-2643-12453,106208,1069006,589594,0,0,0,89589,65603,0,0
2564-2644-12455,111697,746580,853052,0,0,0,195240,13431,0,0
2565-2645-12463,416340,727887,737787,30843,0,0,0,7143,0,0
2565-2645-12464,384987,622399,857035,50668,0,0,0,4911,0,0
2566-2646-12466,436241,768123,585472,0,0,0,0,130164,0,0
2567-2647-12473,83867,1129407,596975,0,0,0,48012,61739,0,0
2567-2647-13036,1016646,715570,125946,61838,0,0,0,0,0,0
2567-2647-13042,674007,556402,496016,52368,0,0,130035,11172,0,0
2567-2647-13043,214264,1029706,556615,75666,0,0,0,43749,0,0
2568-2648-12474,33559,684808,1021249,36240,0,0,62150,19793,0,62201
2568-2648-14595,61333,619760,946141,125052,0,0,137523,0,0,30191
2568-2648-14632,53248,581850,1092021,84974,0,0,70111,0,0,37796
2569-2649-12475,294810,837967,408764,120603,237356,0,0,20500,0,0
2569-2649-12476,850408,652204,0,137966,279422,0,0,0,0,0
2569-2649-12477,302652,1006631,215894,149412,245411,0,0,0,0,0
2569-2649-12484,219384,861586,473244,107037,232607,0,0,26142,0,0
2569-2649-12485,533115,879116,98286,115450,294033,0,0,0,0,0
2569-2649-14160,319123,1107027,433149,0,0,0,13412,47289,0,0
257-261-1441,430926,764406,494643,49168,0,0,135029,45828,0,0
257-261-1444,437170,924764,350986,52508,0,0,129467,25105,0,0
257-261-16514,174795,821290,691111,49949,0,0,131525,51330,0,0
257-261-17658,149871,771215,750349,84565,0,0,85344,78656,0,0
257-261-19628,365961,721227,657764,55412,0,0,64013,55623,0,0
2570-2650-12483,231744,1312080,333135,0,0,0,0,43041,0,0
2570-2650-14583,339657,1116309,342643,79717,0,0,0,41674,0,0
2570-2650-14589,103130,1053231,663757,79023,0,0,0,20859,0,0
2570-2650-14620,211330,688791,914218,74200,0,0,0,31461,0,0
2571-2651-12489,187212,1170884,403619,0,0,0,75479,82806,0,0
2572-2652-12492,128082,999757,568696,38115,120887,0,0,64463,0,0
2572-2652-16265,159785,838148,655775,74371,177651,0,0,14270,0,0
2572-2652-16271,200436,882985,535003,72894,205790,0,0,22892,0,0
2573-2653-12493,31857,1010569,842538,0,0,0,0,35036,0,0
2574-2654-12498,331447,1236726,264686,0,0,0,0,87141,0,0
2575-2655-12502,475894,633536,574249,0,182247,0,0,54074,0,0
2575-2655-14419,446859,678883,556656,30414,111314,0,22527,73347,0,0
2575-2655-14420,452781,582574,679669,27258,149096,0,0,28622,0,0
2576-2656-12512,360821,1194234,322692,0,0,0,0,42253,0,0
2576-2656-12514,401836,961962,377106,0,0,0,162696,16400,0,0
2577-2657-12518,165673,868388,760414,0,0,0,0,64956,0,60569
2578-2658-12519,114291,1121180,630491,0,0,0,0,54038,0,0
2579-2659-12522,396391,944428,559530,0,0,0,0,19651,0,0
2579-2659-12524,517319,945802,401223,39866,0,0,0,15790,0,0
258-262-1466,54860,796594,929585,28178,0,0,71706,39077,0,0
2580-2660-12527,61692,579217,888020,31260,274816,0,865,23622,0,60508
2581-2661-12529,349190,178930,1371057,0,0,0,0,20823,0,0
2582-2662-12530,574178,539406,701212,57952,0,0,0,47252,0,0
2582-2662-12534,266249,793326,756607,76205,0,0,0,27613,0,0
2582-2662-12553,216338,737076,640296,84271,0,0,0,34858,0,207161
2582-2662-12554,258846,830474,714732,91527,0,0,0,24421,0,0
2582-2662-12555,392570,920033,480527,84698,0,0,0,42172,0,0
2582-2662-14171,179514,718083,934715,42430,0,0,0,37184,0,8074
2582-2662-14172,151807,676731,1009626,44241,0,0,0,37595,0,0
2583-2663-12535,321987,1102553,391986,0,0,0,0,103474,0,0
2583-2663-12536,157307,1099976,565825,0,0,0,0,96892,0,0
2583-2663-14006,649509,664550,483744,67157,0,0,0,55040,0,0
2583-2663-14025,276571,999878,516778,85545,0,0,0,41228,0,0
2583-2663-14026,596667,903304,337393,0,0,0,0,82636,0,0
2583-2663-15599,413658,861716,557477,30508,0,0,0,56641,0,0
2583-2663-15602,235550,849805,761265,47036,0,0,0,26344,0,0
2584-2664-12538,256534,1023646,576519,0,0,0,0,63301,0,0
2584-2664-14055,111711,979715,726702,33376,0,0,0,68496,0,0
2584-2664-14059,125012,981814,701407,35202,0,0,0,76565,0,0
2585-2665-12540,128483,836274,837671,21849,0,0,15753,44279,0,35691
2585-2665-32773,554291,829004,395997,0,0,0,0,100526,0,40182
2586-2666-12544,343183,1107444,343731,29904,0,0,0,95738,0,0
2587-2667-12559,334806,971186,512341,84586,0,0,0,17081,0,0
2587-2667-12563,480077,824482,515657,75413,0,0,0,24371,0,0
2588-2668-12568,237840,976628,605006,0,0,0,16660,83866,0,0
2589-2669-12572,115247,1329047,404748,0,0,0,0,70958,0,0
2589-2669-12573,289462,1170376,392890,0,0,0,0,67272,0,0
259-263-1468,1050586,534179,322048,0,0,0,0,13187,0,0
259-263-1470,233750,901697,594843,0,139845,0,0,49865,0,0
2590-2670-12576,42555,952505,846755,0,0,0,28210,49975,0,0
2590-2670-12578,359151,1064455,423346,0,0,0,27251,45797,0,0
2590-2670-44635,249114,609416,778556,0,231874,0,51040,0,0,0
2590-2670-97284,257957,938089,672827,0,0,0,12517,38610,0,0
2590-2670-97813,325985,919921,600805,16157,0,0,0,57132,0,0
2590-2670-98705,333743,785203,653756,35675,0,0,75788,35835,0,0
2591-2671-12579,38304,754910,906840,98011,0,0,98917,0,0,23018
2591-2671-12581,162268,928087,502307,47129,222632,0,0,57577,0,0
2592-2672-12582,643201,631055,576659,0,0,0,0,69085,0,0
2593-2673-12586,248527,1050039,572097,0,0,0,0,49337,0,0
2594-10005-48987,655868,966672,274365,0,0,0,0,23095,0,0
2594-2674-12590,714136,986805,165871,0,0,0,0,53188,0,0
2594-2674-12591,452580,1098528,302197,0,0,0,0,66695,0,0
2595-2675-12597,77878,641226,1152769,0,0,0,19400,28727,0,0
2595-2675-13159,150535,726807,1006074,25151,0,0,0,11433,0,0
2596-2676-12599,391646,678179,755091,0,0,0,12369,46195,0,36520
2597-2677-12617,114912,902661,859176,0,0,0,0,43251,0,0
2597-2677-12618,55342,619584,1210144,0,0,0,0,34930,0,0
2598-2678-12623,610240,1028889,247879,0,0,0,0,32992,0,0
2598-2678-12624,621313,999444,237876,0,0,0,0,61367,0,0
2598-2678-13604,372797,1046289,416808,84106,0,0,0,0,0,0
2598-2678-13606,295263,942154,524773,54174,0,0,88418,15218,0,0
2598-2678-17253,489013,870016,243076,14883,213164,0,33523,56325,0,0
2599-2679-12629,52617,872153,895027,0,0,0,0,77051,0,23152
2599-2679-14351,58276,1015381,689657,81714,0,0,0,46800,0,28172
2599-2679-14352,329223,998328,413897,69563,0,0,0,85268,0,23721
2599-2679-14353,306746,928197,393934,68370,0,0,102211,96579,0,23963
26-26-133,687020,838735,345538,0,0,0,0,48707,0,0
260-264-1479,188549,951792,689121,0,0,0,0,90538,0,0
2600-2680-12630,438702,1026289,387498,0,0,0,16822,50689,0,0
2600-2680-12636,112766,948571,780182,0,0,0,19078,59403,0,0
2600-2680-12637,157324,1051321,639944,0,0,0,18070,53341,0,0
2600-2680-12638,450927,870202,424767,44343,0,0,85387,44374,0,0
2601-2681-12642,284477,439876,972696,0,0,0,53498,0,0,169453
2602-2682-12643,104225,796777,873769,0,0,0,74950,70279,0,0
2603-2683-12647,243762,841852,823498,0,0,0,10888,0,0,0
2603-2683-12648,904030,487093,501614,0,0,0,0,27263,0,0
2603-2683-12649,87896,1067024,730219,0,0,0,0,34861,0,0
2604-2684-12651,522569,622995,720013,0,0,0,0,45453,0,8970
2605-2685-12652,477439,958101,262240,49000,0,0,123851,49369,0,0
2605-2685-12653,551851,917663,220925,56510,0,0,129145,43906,0,0
2605-2685-12655,1065597,455356,379164,0,0,0,0,19883,0,0
2605-2685-12657,343385,1094949,445133,0,0,0,0,36533,0,0
2605-2685-12658,331857,1098753,433443,0,0,0,0,55947,0,0
2605-2685-12659,1278787,417309,204588,0,0,0,0,19316,0,0
2605-2685-12660,54436,838531,806530,45646,0,0,127500,33467,0,13890
2606-2686-12662,361237,320215,1227455,0,0,0,0,11093,0,0
2606-2686-14797,28314,604103,1217648,42557,0,0,0,27378,0,0
2606-2686-14809,24733,603878,1223398,48519,0,0,0,19472,0,0
2607-2687-12665,365520,728394,635688,0,0,0,45981,53968,0,90449
2607-2687-13151,414053,793291,604428,31719,0,0,0,22718,0,53791
2607-2687-13153,226718,842322,639395,35610,0,0,0,50083,0,125872
2608-2688-12666,188541,951391,746815,0,0,0,0,33253,0,0
2608-2688-12669,575294,1047438,249909,0,0,0,0,47359,0,0
2609-2689-12670,100634,914417,774216,105478,0,0,0,25255,0,0
261-265-1485,192507,810879,735554,19871,0,0,56007,105182,0,0
261-529-2630,164804,684964,862634,129184,0,0,40510,37904,0,0
2610-2690-12679,162655,966528,684802,76358,0,0,0,29657,0,0
2611-2691-12680,204558,1177358,531806,0,0,0,0,6278,0,0
2612-2692-12685,132054,1104093,574368,0,0,0,0,109485,0,0
2612-2692-14835,151448,1223890,367706,97460,0,0,0,79496,0,0
2612-2692-14837,115012,1036495,623419,83677,0,0,0,61397,0,0
2612-2692-14840,24205,656865,1079944,72609,0,0,19036,67341,0,0
2612-2692-17572,181472,967434,671733,41734,0,0,0,57627,0,0
2612-2692-17574,157583,787907,856984,18432,0,0,48631,50463,0,0
2612-2692-85326,122728,1020292,585535,0,120005,0,9122,62318,0,0
2612-2692-85330,149025,863912,505237,21619,180108,0,13378,81941,0,104780
2613-2693-12692,52133,891432,674816,39066,226768,0,0,35785,0,0
2613-2693-12693,690005,938340,20108,0,271547,0,0,0,0,0
2614-2694-12695,620465,801096,463148,0,0,0,35291,0,0,0
2615-2695-12701,77866,767615,942731,0,0,0,29955,40305,0,61528
2616-2696-12702,260058,1089923,529163,0,0,0,0,40856,0,0
2616-2696-12703,142464,1459196,231415,0,0,0,0,86925,0,0
2616-2696-12704,557764,935950,295081,0,0,0,42674,88531,0,0
2617-2697-12705,246766,1267952,292511,38958,0,0,43980,29833,0,0
2617-2697-12708,342546,830444,581400,0,0,0,165610,0,0,0
2617-2697-12709,323859,1306202,181218,41551,0,0,37560,29610,0,0
2618-2698-12710,452835,431919,611683,0,0,0,0,34842,0,388721
2619-2699-12711,247365,1121933,527663,0,0,0,0,23039,0,0
2619-2699-12712,190878,1079685,596711,0,0,0,0,52726,0,0
2619-5717-28401,182647,1007366,679139,0,0,0,33626,17222,0,0
262-267-1490,47287,927487,906342,0,0,0,0,38884,0,0
262-267-1493,673083,910664,316818,0,0,0,0,19435,0,0
2620-2700-12716,374370,890032,488251,0,0,0,0,115668,0,51679
2620-2700-13681,60772,765529,831795,30339,0,0,0,102834,0,128731
2621-2701-12724,398346,853624,625133,0,0,0,28114,14783,0,0
2622-2702-12726,47017,822317,1029511,0,0,0,0,21155,0,0
2622-2702-14440,412205,652784,783184,71827,0,0,0,0,0,0
2622-2702-14446,121048,657001,977156,30967,0,0,133828,0,0,0
2623-2703-12727,141308,1105022,605148,0,0,0,60841,7681,0,0
2623-2703-12729,191856,1122932,529031,0,0,0,51873,24308,0,0
2624-2704-12731,313548,1002049,534814,0,0,0,0,69589,0,0
2624-2704-14847,407241,1121009,303323,33233,0,0,0,55194,0,0
2624-2704-14850,193273,1145524,488053,32180,0,0,0,60970,0,0
2625-2705-12738,384556,1010199,383363,42874,0,0,77168,21840,0,0
2625-2705-12739,191004,970785,591390,0,0,0,91500,75321,0,0
2626-2706-12742,533358,752674,477353,0,0,0,153470,3145,0,0
2626-2706-12743,1039059,737061,136309,0,0,0,0,7571,0,0
2627-2707-12753,260064,896145,454010,0,218127,0,0,76584,0,15070
2627-2707-12754,611645,830387,241031,0,179251,0,0,57686,0,0
2628-2708-12756,203040,1292548,357615,0,0,0,0,66797,0,0
2628-2708-12759,305083,1303248,247104,0,0,0,51031,13534,0,0
2628-2708-12761,162812,1255275,438286,0,0,0,46568,5640,0,11419
2628-2708-12987,199734,1141503,478881,0,0,0,66826,33056,0,0
2629-2710-12765,404138,492627,996865,0,0,0,0,26370,0,0
2629-2710-12779,50531,835317,919550,0,0,0,70844,43758,0,0
2629-2710-17219,39484,975632,826948,0,0,0,0,77936,0,0
2629-2710-17221,29862,854420,1003389,0,0,0,0,32329,0,0
2629-2710-17222,196671,1138123,402515,0,0,0,123298,59393,0,0
2629-2710-17224,237297,1265978,235479,0,0,0,113899,67347,0,0
2629-2710-17225,238216,1158780,419770,0,0,0,0,103234,0,0
263-268-1500,596167,789822,476013,0,0,0,0,52550,0,5448
2630-2711-12772,459855,1008000,424970,0,0,0,0,27175,0,0
2631-2712-12776,509366,1125988,278373,0,0,0,0,6273,0,0
2631-2712-12777,578257,1081456,246709,0,0,0,0,13578,0,0
2632-2713-12784,219359,943782,543657,0,141992,0,0,71210,0,0
2632-2713-14233,213957,1126862,474356,64639,0,0,0,40186,0,0
2632-2713-14239,441178,840559,516628,48828,0,0,31994,40813,0,0
2633-2714-12786,352418,975635,492727,0,0,0,25711,73509,0,0
2634-2715-12791,408063,977445,502336,0,0,0,0,32156,0,0
2635-2716-12794,263817,1113757,481769,0,0,0,0,60657,0,0
2636-2718-12804,384178,723247,746311,0,0,0,34200,32064,0,0
2637-2719-12808,57461,1205198,600037,0,0,0,0,57304,0,0
2637-2719-12809,155072,1016727,717404,0,0,0,0,30797,0,0
2638-2720-12810,181883,953093,656487,0,0,0,0,128537,0,0
2638-2720-12811,392450,1125847,271861,0,0,0,0,129842,0,0
2638-2720-12812,599910,814739,352069,0,0,0,0,153282,0,0
2638-2720-12814,254194,1154451,376430,0,0,0,0,134925,0,0
2639-2721-12820,145719,1173245,406608,0,0,0,97416,97012,0,0
2639-2721-12821,916175,659096,236483,0,0,0,52470,55776,0,0
264-269-1502,241179,718964,653125,0,248970,0,8640,28233,0,20889
264-831-3881,461376,497571,917762,0,0,0,0,43291,0,0
2640-2722-12828,248553,1300456,263788,51334,0,0,0,55869,0,0
2640-2722-12833,349002,967943,514283,66275,0,0,0,22497,0,0
2640-2722-12841,339025,919232,571247,71559,0,0,0,18937,0,0
2640-2722-12852,270835,1153395,422988,0,0,0,0,72782,0,0
2640-2722-12853,684178,975403,232039,0,0,0,0,28380,0,0
2641-2723-12826,367604,676008,808433,55318,0,0,0,12637,0,0
2642-2724-12827,183651,954475,683798,0,0,0,57043,41033,0,0
2642-2724-15400,60941,720302,1037670,68017,0,0,33070,0,0,0
2642-2724-15404,480830,786471,501810,53454,0,0,85819,11616,0,0
2643-2725-12835,877109,897000,114132,0,0,0,0,31759,0,0
2643-2725-12838,596325,1038440,235948,0,0,0,0,49287,0,0
2643-2725-12839,557102,1014317,318192,0,0,0,0,30389,0,0
2644-2726-12843,211727,889153,747431,0,0,0,0,71689,0,0
2645-2727-12849,247620,807800,678010,28869,0,0,91949,65752,0,0
2645-2727-12851,585114,915184,232565,39927,0,0,81559,65651,0,0
2646-2728-12856,108933,1018699,771274,0,0,0,0,21094,0,0
2646-2728-12857,142055,1001323,712906,0,0,0,0,63716,0,0
2647-2729-12860,93451,889307,803642,63300,0,0,16284,54016,0,0
2648-2730-12862,427992,586285,852178,14554,0,0,32750,6241,0,0
2648-2730-12864,430468,562783,872973,15454,0,0,32793,5529,0,0
2649-2731-12865,444220,1091328,314278,0,0,0,0,70174,0,0
265-270-1507,117158,1258440,396157,0,0,0,0,148245,0,0
265-270-1509,409608,994358,387616,0,0,0,0,128418,0,0
2650-2732-12866,592596,932111,375554,0,0,0,0,19739,0,0
2650-2732-12868,955331,554687,385474,0,0,0,0,24508,0,0
2650-2732-12870,396471,555861,967668,0,0,0,0,0,0,0
2650-2732-12871,475028,1049154,357518,0,0,0,0,38300,0,0
2651-2733-12873,481935,730661,621743,0,0,0,0,85661,0,0
2652-2734-12875,228505,992686,533133,49211,0,0,0,41244,0,75221
2652-2734-12880,365749,1053026,347375,45877,0,0,16934,48953,0,42086
2653-2735-12877,279456,1077491,323876,31204,0,0,207973,0,0,0
2654-2736-12889,337900,0,1582100,0,0,0,0,0,0,0
2654-2736-14463,414514,366184,1115081,0,0,0,0,24221,0,0
2654-2736-14465,723985,384131,617627,0,0,0,0,23066,0,171191
2654-2736-14467,604381,363571,862432,0,0,0,0,22816,0,66800
2654-2736-14468,357724,187615,1374661,0,0,0,0,0,0,0
2655-2737-12903,331161,391258,1146440,0,0,0,0,14061,0,37080
2655-2737-13410,295349,636219,860363,49144,0,0,13636,21362,0,43927
2656-2738-12905,470642,857010,399184,35923,44238,0,24636,88367,0,0
2657-2739-12910,338892,1106922,445192,0,0,0,22123,6871,0,0
2658-2740-12915,162496,1053152,520189,54830,0,0,82096,47237,0,0
2658-2740-14077,249182,1026080,421316,71188,0,0,66269,85965,0,0
2658-2740-14080,436292,798438,293249,59850,185286,0,86716,60169,0,0
2658-2740-43211,40193,1132988,640662,29830,0,0,16544,59783,0,0
2658-2740-44827,92683,1082107,474925,108861,0,0,137593,23831,0,0
2658-2740-66094,286409,880677,432665,65484,171462,0,76714,6589,0,0
2658-2740-66095,238794,941236,335246,79218,165672,0,98156,61678,0,0
2658-2740-67401,210619,1023556,304755,55663,155316,0,128098,41993,0,0
2659-2741-12919,151627,865813,823222,0,0,0,48601,30737,0,0
266-271-1533,35280,893686,908734,55307,0,0,0,26993,0,0
2660-2742-12923,278938,1266255,324938,0,0,0,0,49869,0,0
2660-2946-13944,315284,980207,511437,97093,0,0,0,15979,0,0
2660-2946-13951,84106,983734,729084,86443,0,0,0,36633,0,0
2660-2946-13952,304251,1123617,362254,108515,0,0,0,21363,0,0
2661-2743-12929,489584,798336,507020,0,0,0,0,27239,0,97821
2662-2744-12933,240889,884813,700472,0,0,0,31791,32345,0,29690
2662-2744-24018,53967,876784,729432,0,148507,0,0,63144,0,48166
2662-2744-24353,96548,886710,768882,43083,0,0,0,46671,0,78106
2662-2744-24354,178495,789976,522301,42217,348668,0,67,38276,0,0
2663-2745-12935,368086,689602,798940,11383,0,0,0,51989,0,0
2663-2745-14822,803566,677351,365742,64315,0,0,0,9026,0,0
2663-2745-14823,344321,1033756,456137,60288,0,0,0,25498,0,0
2663-2745-14824,346510,808358,682567,61498,0,0,0,21067,0,0
2664-2746-12940,157993,1115580,611164,0,0,0,0,35263,0,0
2665-2747-12942,120212,967434,613815,92215,0,0,54272,72052,0,0
2666-14568-73380,570462,194290,904126,51811,163031,0,0,6011,0,30269
2666-2748-12945,602174,586445,454021,57304,171401,0,0,48655,0,0
2667-2749-12948,319290,1000479,479928,0,0,0,0,120303,0,0
2668-2750-12953,377721,177256,1365023,0,0,0,0,0,0,0
2669-2751-12955,724743,451473,733490,0,0,0,0,0,0,10294
2669-2751-14198,878579,295856,639979,49811,0,0,48638,0,0,7137
2669-2751-14208,822402,478381,577211,42006,0,0,0,0,0,0
267-272-1517,363019,1163848,375862,0,0,0,0,17271,0,0
2670-2752-12958,8415,403845,1468311,0,0,0,16373,23056,0,0
2670-2752-12959,114860,446753,1246072,0,0,0,54801,57495,19,0
2670-2752-12960,1190864,160025,513331,0,0,0,34352,21428,0,0
2670-2752-12961,256175,625545,816766,0,0,0,164654,56860,0,0
2671-2753-12967,332961,1273889,202179,0,0,0,72883,38088,0,0
2671-2753-12968,238683,1157766,436937,0,0,0,0,86614,0,0
2672-2754-12972,42007,744994,1100466,0,0,0,0,32533,0,0
2673-2755-12984,21983,725148,1115141,0,0,0,0,57728,0,0
2674-2756-12986,845230,264989,777245,0,0,0,0,32536,0,0
2675-2757-12991,643747,797386,388653,74716,0,0,0,15498,0,0
2675-2757-12999,338975,717247,745399,40872,0,0,57783,19724,0,0
2675-2757-14540,259433,1169451,393653,73248,0,0,0,24215,0,0
2675-2757-14541,1389358,133414,340908,56320,0,0,0,0,0,0
2675-2757-14545,575236,713649,553272,77843,0,0,0,0,0,0
2676-2758-12993,227194,899557,715944,0,0,0,0,77305,0,0
2676-2758-83837,495961,735431,586661,0,0,0,0,72927,0,29020
2677-2759-12994,22870,909253,918885,55794,0,0,0,13198,0,0
2677-2759-14047,77887,806522,932249,59579,0,0,0,43763,0,0
2678-2760-13006,360320,1001736,395543,0,0,0,106398,56003,0,0
2679-2761-13017,851612,550229,400174,0,0,117985,0,0,0,0
268-273-1545,642230,634004,599954,0,0,0,0,34665,0,9147
268-273-1546,221293,1035892,642918,0,0,0,0,19897,0,0
2680-2762-13019,278426,1041496,475962,0,0,0,0,34936,0,89180
2681-2763-13023,199193,1172720,466318,0,0,0,0,81769,0,0
2682-2764-13025,181589,735113,792415,0,0,0,0,91806,119077,0
2683-2765-13026,326503,898804,516375,0,0,0,64171,83888,0,30259
2683-2765-18819,193610,888407,576987,0,0,0,69235,69559,0,122202
2683-2765-19733,315192,883180,530529,89203,0,0,0,35258,0,66638
2683-2765-19737,317962,944555,432015,107271,0,0,0,68367,0,49830
2683-2765-19738,167933,828527,684536,64571,0,0,54477,67973,0,51983
2683-2765-19740,320211,958783,454728,107255,0,0,0,61092,0,17931
2684-2766-13035,145990,1114394,503297,32568,0,0,28954,85989,0,8808
2685-2767-13045,101532,994582,773739,0,0,0,14765,35382,0,0
2686-2768-13051,285418,1063458,505433,0,0,0,0,65691,0,0
2687-2769-13054,220479,1125269,491827,0,0,0,0,82425,0,0
2687-2769-13056,727982,893470,229542,0,0,0,0,69006,0,0
2688-2770-13058,160272,309016,866371,29365,509833,0,0,45143,0,0
2689-2771-13060,417140,1079210,287486,78666,0,0,0,57498,0,0
2689-2771-13062,419620,985921,400906,55453,0,0,0,58100,0,0
2689-2771-37877,174550,309857,610412,27533,734564,0,0,14994,0,48090
2689-2771-82899,546968,759438,429004,0,0,0,0,23391,0,161199
269-2709-12763,221939,716320,513774,80278,341047,0,28590,18052,0,0
269-274-1528,264605,980544,581809,0,0,0,51638,41404,0,0
2690-2772-13064,372330,1103463,329092,0,0,0,0,115115,0,0
2691-2773-13068,215502,1105850,569405,0,0,0,0,29243,0,0
2691-2773-13069,453472,1047272,371166,0,0,0,0,48090,0,0
2691-2773-15105,186102,1333995,283324,108121,0,0,0,8458,0,0
2691-2773-15106,32486,859866,966215,61433,0,0,0,0,0,0
2692-2774-13072,234547,1121341,523062,0,0,0,0,41050,0,0
2693-2775-13084,472215,911720,261461,0,0,0,145398,129206,0,0
2693-2775-13085,549805,614463,560813,0,0,0,135169,59750,0,0
2693-2775-26057,662333,482808,598830,0,0,0,129625,46404,0,0
2693-2775-27012,173231,911686,596582,51098,0,0,130782,56621,0,0
2693-2775-27891,651023,858669,170246,65114,0,0,127272,47676,0,0
2693-2775-27892,647060,866103,194599,59007,0,0,123138,30093,0,0
2694-2776-13089,239824,823991,856185,0,0,0,0,0,0,0
2695-2777-13092,249517,848045,752456,0,0,0,0,69982,0,0
2696-2778-13093,632428,481744,789013,0,0,0,0,16815,0,0
2697-2779-13097,190446,1095227,599687,0,0,0,0,34640,0,0
2698-2780-13098,247195,959537,624814,0,0,0,0,88454,0,0
2699-2781-13099,115177,781923,943948,0,0,0,0,78952,0,0
2699-2781-13102,15634,901166,981763,0,0,0,0,21437,0,0
2699-2781-13103,465936,1175199,259739,0,0,0,0,19126,0,0
2699-2781-16235,179428,886634,802360,51578,0,0,0,0,0,0
2699-2781-16237,196907,712612,951686,58795,0,0,0,0,0,0
2699-2781-16246,57298,690850,1093440,56305,0,0,0,22107,0,0
27-27-139,241779,1001550,580741,0,0,0,33067,62863,0,0
27-27-141,17331,656173,1199712,0,0,0,0,46784,0,0
270-275-1536,288739,830416,735937,0,0,0,0,64908,0,0
270-275-3307,252244,990335,568858,47596,0,0,27830,33137,0,0
270-8582-41853,288937,829665,695901,0,0,0,82688,22809,0,0
270-8582-41854,897959,683791,227003,0,0,0,101149,10098,0,0
2700-2782-13107,86667,676459,918494,49996,0,0,122314,66070,0,0
2701-2783-13116,147097,991334,649143,0,0,0,0,132426,0,0
2702-2784-13119,195339,1114232,583296,0,0,0,0,27133,0,0
2703-2785-13128,552700,958003,281349,52936,0,0,40729,34283,0,0
2704-2786-13134,383349,687587,727228,53677,0,0,32363,35796,0,0
2704-2786-13135,36592,566879,1102104,51787,0,0,125956,36682,0,0
2705-2787-13139,443308,996887,457540,0,0,0,0,22265,0,0
2705-2787-13141,196097,1197578,486685,0,0,0,0,39640,0,0
2706-2788-13145,674532,677030,489467,0,0,0,78971,0,0,0
2707-2789-13149,261899,1009126,533117,0,0,0,52812,63046,0,0
2707-2789-17314,475814,1130227,251355,40175,0,0,0,22429,0,0
2707-2789-17315,372266,1307856,143680,60344,0,0,0,35854,0,0
2707-2789-91873,280278,1073722,362293,11441,179335,0,0,12931,0,0
2707-2789-92494,176549,1029481,494714,54453,164803,0,0,0,0,0
2707-2789-92498,114218,905402,645030,50293,162177,0,0,33494,0,9386
2708-2790-13152,318943,562075,834631,24204,0,0,44283,32439,0,103425
2708-2790-14851,124391,443601,1045729,95094,0,0,92374,0,0,118811
2708-2790-14852,300177,430311,877167,85981,0,0,92715,0,0,133649
2708-2790-14858,467389,307390,904555,37432,0,0,112820,0,0,90414
2709-2791-13155,197445,737773,454442,34995,334284,0,203,36290,0,124568
271-276-1542,878120,780172,191644,0,0,0,0,70064,0,0
271-276-1544,110503,861998,788845,0,0,0,40690,80065,0,37899
2710-2792-13163,95594,744615,860222,0,168273,0,0,51296,0,0
2710-2792-13164,178073,631433,939463,0,128228,0,0,42803,0,0
2710-2792-14392,491254,963263,320179,40280,0,0,98596,6428,0,0
2711-10732-52765,436393,517420,571005,4543,309448,0,21820,27437,0,31934
2711-10732-52768,622895,335525,894090,0,0,0,0,18468,0,49022
2711-2793-13174,647721,654716,597712,0,0,0,0,19851,0,0
2711-2793-13175,351706,456559,1095796,0,0,0,0,15939,0,0
2712-2794-13176,198245,503292,1169662,0,0,0,0,48801,0,0
2713-2795-13181,758409,965324,154920,0,0,0,6102,35245,0,0
2713-2795-29778,214069,1192240,431720,0,0,0,35359,46612,0,0
2713-2795-44390,31408,823726,632869,34618,271512,0,47131,50414,0,28322
2713-2795-54587,224076,999090,505245,63221,0,0,87649,40719,0,0
2714-2796-13185,48678,792153,972333,0,0,0,77468,29368,0,0
2715-2797-13190,367220,1029520,489821,0,0,0,0,33439,0,0
2716-2798-13201,326541,826961,599495,14345,0,0,126409,26249,0,0
2717-2799-13203,110335,1162236,571548,0,0,0,0,75881,0,0
2717-2799-14869,189513,1142759,481666,48590,0,0,0,57472,0,0
2717-2799-14870,207368,1123373,484467,57484,0,0,0,47308,0,0
2717-2799-14889,255704,1010083,510158,47857,0,0,41524,54674,0,0
2718-10489-51611,244929,963668,622731,0,0,0,0,88672,0,0
2718-2800-13209,601967,991747,221374,0,0,0,74651,30261,0,0
2718-2800-13210,1116879,503426,246198,0,0,0,53497,0,0,0
2718-2800-30254,208858,1150724,473118,0,0,0,62643,24657,0,0
2719-2801-13212,335137,983803,562830,0,0,0,0,38230,0,0
2719-2801-14868,322375,869833,608194,58893,0,0,0,44800,0,15905
2719-2801-14887,89433,911031,810730,31545,0,0,23939,53322,0,0
2720-2802-13213,240462,1065117,490634,0,0,0,0,77923,0,45864
2721-2803-13217,234111,1036096,532787,0,0,0,0,117006,0,0
2721-2803-13218,87268,1072470,643086,0,0,0,0,117176,0,0
2721-2803-13233,370369,765776,707538,0,0,0,0,76317,0,0
2721-2803-13235,211100,1175199,394149,0,0,0,0,139552,0,0
2722-2804-13224,89059,1264772,388335,0,0,0,147191,30643,0,0
2723-2805-13226,297964,818495,626839,87665,0,0,65963,23074,0,0
2724-2806-13238,295833,991263,555472,0,0,0,0,63276,0,14156
2725-2807-13241,534451,1081366,265262,0,0,0,0,38921,0,0
2725-2807-13242,172909,1168426,529167,0,0,0,0,49498,0,0
2725-2807-13243,264733,1085236,526272,0,0,0,0,43759,0,0
2726-2808-13245,714452,976603,95138,0,0,0,0,133807,0,0
2726-2808-36848,726516,1059509,63831,0,0,0,0,70144,0,0
2726-2808-49001,723768,971151,109337,0,0,0,0,115744,0,0
2727-2809-13246,204867,858858,757024,40593,0,0,0,58658,0,0
2727-2809-13255,494477,660635,702642,0,0,0,0,62246,0,0
2727-2809-13256,126943,749586,920751,37543,0,0,0,85177,0,0
2727-2809-73368,429727,1214749,202526,0,0,0,39845,33153,0,0
2727-2809-73667,69312,1167442,520536,70446,0,0,43758,48506,0,0
2727-2809-73680,181042,1191413,482178,41154,0,0,0,24213,0,0
2728-2810-13250,260408,833402,780858,0,0,0,0,45332,0,0
2729-2811-13261,410090,682915,803751,0,0,0,0,23244,0,0
2729-2811-13262,293455,903714,705533,0,0,0,0,17298,0,0
273-278-1602,732425,725690,389226,57690,0,0,0,14969,0,0
2730-2812-13263,585229,834466,469444,0,0,0,0,30861,0,0
2730-2812-13271,274928,950917,675257,0,0,0,0,18898,0,0
2731-2814-13276,237792,538370,1039074,13131,65896,0,19,25718,0,0
2731-2814-14708,198596,551901,976221,32068,109298,0,0,51916,0,0
2731-2814-14712,687742,415380,741364,38948,0,0,36566,0,0,0
2731-2814-14717,542119,548340,686885,0,110221,0,0,32435,0,0
2732-2815-13278,292473,1040862,567411,0,0,0,0,19254,0,0
2733-2816-13279,480982,1104573,304147,0,0,0,0,30298,0,0
2733-2816-13280,453661,1014922,441899,0,0,0,0,9518,0,0
2734-2817-13281,115995,1404392,289466,0,0,0,0,110147,0,0
2734-2817-13282,89186,1280447,453645,0,0,0,0,96722,0,0
2734-2817-13283,106941,1347076,365815,0,0,0,0,100168,0,0
2734-2817-13285,144566,1212179,458544,0,0,0,0,104711,0,0
2735-2818-13291,287271,932566,551237,0,0,0,97665,51261,0,0
2736-2819-13294,342202,941588,489244,54265,0,0,71449,21252,0,0
2736-2819-13295,74092,723585,1040623,42174,0,0,39526,0,0,0
2737-2820-13300,662346,360607,266910,31953,584188,0,0,13996,0,0
2737-2820-13302,312008,501167,434039,9536,639934,0,0,0,0,23316
2737-2820-13303,49436,377297,1271176,34773,81089,0,0,12686,0,93543
2738-2821-13305,107455,977282,816170,0,0,0,0,19093,0,0
2739-2822-13307,277849,454746,1156169,0,0,0,0,31236,0,0
2739-2822-13308,182546,773900,893283,0,0,0,0,70271,0,0
2739-2822-13310,218452,825041,814721,0,0,0,0,61786,0,0
274-279-1606,336231,1126049,386189,0,0,0,37624,33907,0,0
274-279-1607,74770,1009710,811779,0,0,0,0,23741,0,0
274-279-5841,430034,1085024,241116,0,0,0,163826,0,0,0
274-279-5842,385547,987309,447790,0,0,0,62609,36745,0,0
2740-2823-13311,119948,767972,616969,13272,401839,0,0,0,0,0
2740-2823-13313,130202,1028468,635507,0,84745,0,525,40553,0,0
2741-2824-13323,84189,565338,958407,37440,252308,0,0,22318,0,0
2741-2824-13325,23976,482582,1237834,39441,113155,0,115,22897,0,0
2741-2824-13326,556844,725554,245504,39990,293676,0,0,58432,0,0
2741-2824-13328,121966,784449,944229,0,0,0,0,69356,0,0
2741-2824-13329,521358,901040,429029,0,0,0,0,68573,0,0
2741-2824-50763,719609,304613,611362,66530,217886,0,0,0,0,0
2741-2824-56450,28110,912776,922745,0,0,0,32173,24196,0,0
2742-2825-13331,320972,779584,180905,64719,450429,0,123391,0,0,0
2742-2825-13332,58326,764523,556932,121897,353543,0,64779,0,0,0
2742-2825-13334,327745,961694,154599,65627,273558,0,136777,0,0,0
2743-2826-13335,203554,916032,756416,0,0,0,0,43998,0,0
2743-2826-13336,251394,932328,696401,0,0,0,0,39877,0,0
2744-2827-13338,326548,708926,843489,0,0,0,0,41037,0,0
2745-2828-13340,69757,926329,490186,68563,291747,0,0,73418,0,0
2746-2829-13341,349753,552891,989796,0,0,0,0,27560,0,0
2746-2829-13342,924830,650757,300284,0,0,0,0,44129,0,0
2746-2829-13343,164531,428407,1290525,0,0,0,0,36537,0,0
2747-2830-13347,347845,1149681,355389,0,0,0,22528,44557,0,0
2747-2830-13351,73085,918460,812716,0,0,0,74698,41041,0,0
2747-2830-13352,1009330,741258,101255,0,0,0,68157,0,0,0
2748-2831-13353,943986,130071,839795,6148,0,0,0,0,0,0
2748-2831-13354,356313,227726,1307564,28397,0,0,0,0,0,0
2748-2831-13355,66217,183568,1604164,0,0,0,0,21882,0,44169
2749-17768-92528,102200,652781,932366,37189,50964,0,58136,86364,0,0
2749-17768-92529,15636,300337,1379696,41155,52516,130660,0,0,0,0
2749-17768-92531,133196,607312,932985,114435,131743,0,329,0,0,0
2749-2832-13368,258369,1010172,610411,0,0,0,0,41048,0,0
2749-2832-13390,407415,962127,384428,95797,0,0,0,70233,0,0
2749-2832-13392,157938,1197056,403883,91405,0,0,0,69718,0,0
2749-2832-13393,209371,1040075,415156,152227,0,0,80666,22505,0,0
2749-2832-91605,224864,743532,789484,0,66073,0,0,96047,0,0
2749-2832-91606,182242,424158,854802,22877,302893,94134,0,38894,0,0
2749-2832-91609,145981,602606,907598,32362,189000,0,0,42453,0,0
2749-2832-92514,257795,714237,721393,67737,64209,0,0,94629,0,0
2749-2832-92515,92326,444028,1078229,35713,0,231850,0,37854,0,0
2749-2832-92517,161110,644609,741827,110503,261951,0,0,0,0,0
275-280-1611,12947,225708,1667587,0,0,0,0,13758,0,0
275-280-1613,523268,866729,502641,0,0,0,0,27362,0,0
2750-2833-13382,674012,1095933,133295,0,0,0,0,16760,0,0
2750-2833-14371,539118,1059494,274493,46895,0,0,0,0,0,0
2751-2834-15874,661680,820859,281305,75313,58380,0,0,22463,0,0
2751-2834-15875,260593,1003225,498199,12866,130375,0,12,14730,0,0
2751-2834-15876,110533,942961,662462,50049,71183,0,65982,16830,0,0
2752-2836-13394,47524,899726,899374,0,0,0,0,73376,0,0
2752-2836-14559,239921,1012125,531023,56602,0,0,0,80329,0,0
2752-2836-14561,175912,799591,768321,44018,0,0,65371,66787,0,0
2753-2838-13398,361560,439818,870898,0,201582,0,0,46142,0,0
2754-2839-13401,367938,1220387,264100,0,0,0,52559,15016,0,0
2755-2840-13402,100784,804034,920836,0,0,0,0,87905,0,6441
2756-2841-13405,244338,1035987,606484,0,0,0,0,33191,0,0
2756-2841-13406,737590,891154,260850,0,0,0,0,30406,0,0
2757-2842-13411,1067417,343563,433024,23769,0,0,0,52227,0,0
2757-2842-13416,752100,366937,721307,30733,0,0,27074,21849,0,0
2757-2842-13417,795492,323080,681995,36757,0,0,82676,0,0,0
2758-2843-13419,211218,1348580,243914,0,0,0,0,64187,0,52101
2759-2844-13423,661207,644596,501148,83426,0,0,0,29623,0,0
2759-2844-13425,33890,675512,1119172,38205,0,0,0,53221,0,0
2759-2844-13426,228183,916295,693292,39247,0,0,0,42983,0,0
2759-2844-16019,687166,564587,609433,0,0,0,0,58814,0,0
2759-2844-17687,97464,871819,860908,43204,0,0,0,46605,0,0
2759-2844-17692,21607,543317,1298499,20902,0,0,0,35675,0,0
276-281-1614,601240,458018,819867,40875,0,0,0,0,0,0
276-281-4070,395695,631150,757778,30842,0,0,0,58905,0,45630
276-281-4071,304384,1217553,304268,8113,0,0,0,85682,0,0
276-281-4072,628489,624963,577120,12830,0,0,39664,36934,0,0
276-281-4073,305231,788891,695816,39957,0,0,0,38838,0,51267
276-281-4074,336412,644328,808931,36181,0,0,0,41073,0,53075
276-281-4075,593976,599105,597955,35731,0,0,0,44272,0,48961
2760-2845-13428,531310,857039,468948,0,0,0,0,62703,0,0
2761-2846-13434,800121,621976,467874,0,0,0,0,30029,0,0
2761-2846-13435,182259,1047362,605970,0,0,0,0,84409,0,0
2762-2847-13436,187655,1115392,517540,0,0,0,0,99413,0,0
2762-2847-13441,47601,905533,864803,0,0,0,0,102063,0,0
2763-2848-13446,97489,696365,849715,0,202828,0,29468,44135,0,0
2764-2849-13447,517347,359581,1009623,0,0,0,0,33449,0,0
2764-2849-13449,75166,572015,1259906,0,0,0,0,12913,0,0
2765-2850-13451,395300,536133,751421,24593,189525,0,0,0,0,23028
2766-2851-13452,106020,1163372,573599,50603,0,0,0,26406,0,0
2766-2851-13457,1005675,249072,614828,50425,0,0,0,0,0,0
2767-2852-13468,496979,759161,497604,0,0,0,118466,47790,0,0
2767-2852-13469,783825,586972,488802,0,0,0,0,60401,0,0
2767-2852-14846,481881,881366,398456,39928,0,0,0,118369,0,0
2768-2853-13486,339450,1053560,481040,0,0,0,0,45950,0,0
2768-2853-13488,638615,771247,471304,0,0,0,0,38834,0,0
2769-2854-13496,143960,1058905,650201,0,0,0,0,66934,0,0
2769-2854-15675,140785,819846,880600,36229,0,0,0,42540,0,0
2769-2854-15684,135031,892227,708321,29438,0,0,103616,51367,0,0
277-282-1615,31477,1022177,770010,0,0,0,0,96336,0,0
277-282-1626,201589,1161267,460057,0,0,0,25813,71274,0,0
277-282-1627,140251,1157566,508119,0,0,0,34031,80033,0,0
277-282-1628,74616,915257,725934,45092,0,0,129817,29284,0,0
277-282-1632,388716,841707,604863,0,0,0,41994,42720,0,0
277-282-1633,128231,1132602,493266,0,0,0,0,165901,0,0
277-282-1643,141115,1070004,584424,0,0,0,35305,89152,0,0
277-282-1644,249900,1181662,412271,0,0,0,21287,54880,0,0
277-282-1645,141212,1188828,416169,0,0,0,0,173791,0,0
277-282-1646,138100,1068550,602508,26020,0,0,0,84822,0,0
2770-2855-13499,644278,587688,688034,0,0,0,0,0,0,0
2770-2855-13500,531569,837926,508702,0,0,0,0,41803,0,0
2771-2856-13509,354952,1006722,473096,0,0,0,0,64235,0,20995
2771-2856-13510,287394,1112172,465955,0,0,0,0,54479,0,0
2772-2857-13512,482748,1146091,196064,67245,0,0,0,27852,0,0
2772-2857-13518,358177,991172,511268,34152,0,0,0,25231,0,0
2772-2857-21469,371144,1003722,313116,75544,0,0,101492,38016,0,16966
2772-2857-21475,106290,1192420,410566,83180,0,0,82085,45459,0,0
2773-2858-13516,665889,576378,607059,0,0,0,0,39208,0,31466
2774-2859-13520,203232,800268,871457,0,0,0,0,45043,0,0
2775-2860-13524,95521,720918,1067603,0,0,0,0,35958,0,0
2776-2861-13525,58732,870917,920360,0,0,0,0,69991,0,0
2776-2861-17241,27121,593485,1200921,56631,0,0,0,41842,0,0
2776-2861-17243,262918,901496,652773,52697,0,0,0,50116,0,0
2776-2861-17255,58242,685287,1078826,53366,0,0,0,44279,0,0
2777-2862-13526,707369,950952,142966,0,0,0,85782,32931,0,0
2777-2862-13527,689591,943376,146869,0,0,0,94265,45899,0,0
2777-2862-13530,416591,879230,454257,0,0,0,131853,38069,0,0
2778-2863-13535,90247,1566223,215156,0,0,0,0,48374,0,0
2778-2863-13536,67868,1434579,320380,0,0,0,0,97173,0,0
2778-2863-13537,83664,1346721,347373,0,0,0,0,142242,0,0
2779-2864-13539,268262,1030390,579450,12701,0,0,18795,10402,0,0
2779-5191-25731,106593,928998,756799,22002,0,0,16757,15491,0,73360
278-283-1638,297867,1018704,551389,0,0,0,0,52040,0,0
278-283-1640,811259,780447,293832,0,0,0,0,34462,0,0
2780-2865-13541,185063,1150408,538434,0,0,0,0,46095,0,0
2782-2867-13556,233293,1099966,566248,0,0,0,0,20493,0,0
2782-2867-13557,177258,776596,705506,24381,0,0,54950,63542,0,117767
2782-2867-14701,121551,894989,817616,62232,0,0,0,23612,0,0
2782-2867-14704,87856,804664,949954,51747,0,0,0,25779,0,0
2783-2868-13558,372149,1161030,386821,0,0,0,0,0,0,0
2783-2868-13559,646580,1031064,242356,0,0,0,0,0,0,0
2783-2868-13560,1125468,762600,31932,0,0,0,0,0,0,0
2784-2869-13561,1242489,336881,204642,43071,0,0,61750,31167,0,0
2784-2869-13564,914737,482708,392807,38165,0,0,68686,22897,0,0
2784-2869-14531,513805,638774,581346,73649,0,0,69730,15938,0,26758
2784-2869-14535,336699,573345,815170,54319,0,0,88832,15708,0,35927
2785-2870-13569,217604,1148744,513837,0,0,0,0,39815,0,0
2785-2870-13571,109635,826294,636722,9787,250775,0,31,30673,0,56083
2785-2870-13573,93246,772362,793719,9657,144668,0,0,60491,0,45857
2786-2871-13576,577058,1256204,63373,0,0,0,0,23365,0,0
2786-2871-13577,132270,1206261,498739,0,0,0,0,15795,0,66935
2787-2872-13580,606462,1182404,82322,0,0,0,0,48812,0,0
2788-2873-13583,449390,369182,1071668,5966,0,0,0,23794,0,0
2788-2873-13584,579376,357321,953101,0,0,0,0,30202,0,0
2788-2873-13585,437741,352273,1071457,0,0,0,0,58529,0,0
2788-2873-13586,511300,348723,1031957,0,0,0,0,28020,0,0
2788-2873-13588,317592,321426,1260750,0,0,0,0,20232,0,0
2788-2873-82914,257388,1040187,548959,0,0,0,0,73466,0,0
2788-2873-82915,140470,1031646,655964,0,0,0,0,55104,0,36816
2789-2874-13590,400405,664171,312818,0,1493,489501,0,25490,0,26122
279-284-1642,579316,860893,387619,35048,0,0,31840,25284,0,0
279-284-1922,61885,740359,1031802,27213,0,0,0,58741,0,0
279-284-49024,121906,548545,1127913,47805,0,0,51101,22730,0,0
2790-2875-13592,422095,873959,528396,0,0,0,0,42819,0,52731
2791-2876-13598,222333,1186270,170183,0,341214,0,0,0,0,0
2791-2876-13602,346980,1063313,193925,0,315782,0,0,0,0,0
2791-2876-14834,86253,716686,953849,55483,107729,0,0,0,0,0
2791-2876-14839,75185,1087150,524181,97908,135576,0,0,0,0,0
2791-2876-17185,126887,814650,864166,114297,0,0,0,0,0,0
2791-2876-17186,1415125,504875,0,0,0,0,0,0,0,0
2791-2876-17191,261971,959688,599736,61969,0,0,0,36636,0,0
2791-2876-17192,317567,1006057,490719,82284,0,0,14294,9079,0,0
2791-2876-17193,241874,1112027,400194,87716,0,0,39037,39152,0,0
2791-2876-93397,410006,1000492,380375,0,0,0,0,129127,0,0
2792-2877-13613,506676,874108,488156,0,0,0,0,51060,0,0
2793-2878-13615,43606,938877,755219,0,0,0,23990,158308,0,0
2793-2878-17297,56214,976130,740183,45620,0,0,10438,91415,0,0
2793-2878-23081,46660,957682,584164,50087,0,0,181553,99854,0,0
2793-2878-32694,93971,740179,809405,23397,169130,0,7553,76365,0,0
2793-2878-48152,76390,744479,841611,28867,207121,0,0,21532,0,0
2793-2878-52126,39948,816432,765680,41115,156138,0,0,100687,0,0
2794-2879-13619,237373,665609,992542,0,0,0,0,24476,0,0
2795-2880-13623,326709,798373,734217,0,0,0,0,60701,0,0
2796-2881-13627,33324,959833,728303,0,149143,0,159,49055,0,183
2796-2881-13630,293856,1029391,279311,0,284848,0,73,32521,0,0
2797-2882-13632,105793,1217536,468106,0,0,0,70569,57996,0,0
2797-2882-18266,137995,1165665,499741,81968,0,0,0,34631,0,0
2797-2882-18267,46007,968924,755583,83342,0,0,18113,48031,0,0
2797-4290-21168,270172,1219932,358276,0,0,0,52761,18859,0,0
2798-2883-13637,182618,1043062,616199,0,0,0,0,78121,0,0
2799-2884-13638,72544,1055785,734227,0,0,0,0,57444,0,0
2799-2884-13639,105862,1134565,630003,0,0,0,0,49570,0,0
2799-2884-13641,175555,1388261,306136,0,0,0,0,50048,0,0
2799-2884-14859,476186,1069670,245696,114774,0,0,0,13674,0,0
2799-2884-14860,392199,1061924,325891,102752,0,0,0,37234,0,0
28-28-145,402299,1037216,446990,0,0,0,0,33495,0,0
28-28-146,314713,1155842,427811,0,0,0,0,21634,0,0
280-285-1649,397855,764341,628511,3068,0,0,105800,20425,0,0
2800-2885-13645,184170,1217225,363738,0,0,0,0,154867,0,0
2800-2885-13646,54292,880530,755453,0,0,0,0,229725,0,0
2801-2886-13652,59828,1373778,405139,0,0,0,0,81255,0,0
2802-2887-13653,975197,826016,118787,0,0,0,0,0,0,0
2802-2887-13658,866829,910723,109452,0,0,0,0,32996,0,0
2803-2888-13663,626677,496073,552461,6420,228933,0,48,9388,0,0
2804-2889-13666,127735,931531,821747,0,0,0,0,38987,0,0
2804-2889-15848,138552,799582,932842,41251,0,0,0,7773,0,0
2804-2889-15850,333639,849681,642147,78339,0,0,0,16194,0,0
2805-2890-13670,300069,1127055,461881,0,0,0,0,0,0,30995
2806-2891-13674,498436,939701,197343,0,0,0,284520,0,0,0
2806-2891-13677,51358,929680,720597,13349,0,0,192793,12223,0,0
2807-2892-13683,323393,1054155,468291,0,0,0,0,74161,0,0
2808-2893-13695,22057,903534,988829,0,0,0,0,5580,0,0
2808-2893-13696,149562,831026,939412,0,0,0,0,0,0,0
2809-2894-13698,504739,296539,1048957,0,0,0,0,13043,0,56722
281-286-1652,437365,475880,913218,0,0,0,0,29872,0,63665
2810-2895-13699,48439,793352,934680,51022,0,0,60903,31604,0,0
2810-2895-13700,29625,203795,1041064,0,645516,0,0,0,0,0
2810-2895-13701,68535,174596,1027115,0,649754,0,0,0,0,0
2811-2896-13702,255997,842863,722011,0,0,0,0,58466,0,40663
2811-2896-13706,32317,981834,898234,0,0,0,0,7615,0,0
2812-2897-13709,31428,985658,763284,0,0,0,0,116591,0,23039
2813-2898-13720,602455,408357,768114,0,0,0,0,9552,0,131522
2814-2899-13721,400133,1156840,240448,50155,0,0,36789,35635,0,0
2814-2899-13722,304273,1325199,174115,32541,0,0,31576,52296,0,0
2814-2899-13723,309640,1096264,342982,41972,0,0,56143,72999,0,0
2814-2899-13724,369583,1043816,395337,27993,0,0,50605,32666,0,0
2814-2899-24165,512785,866328,493980,46907,0,0,0,0,0,0
2815-2900-13726,432823,1025976,374299,63904,0,0,0,22998,0,0
2815-2900-13738,174778,1067185,572904,79053,0,0,0,26080,0,0
2816-2901-13731,78164,917048,850377,0,0,0,0,74411,0,0
2817-2902-13735,276781,964857,604189,0,0,0,0,74173,0,0
2817-2902-13736,203300,1040083,507789,0,0,0,53154,115674,0,0
2818-2903-13739,559028,600571,702127,0,0,0,0,58274,0,0
2818-2903-70662,203264,857764,800762,0,0,0,0,58210,0,0
2819-2904-13741,195781,794950,903958,9350,0,0,0,15961,0,0
282-287-1654,689086,728615,460114,0,0,0,0,42185,0,0
282-287-1656,531230,1017407,306170,0,0,0,0,65193,0,0
2820-2905-13749,336188,1037204,500792,0,0,0,23817,21999,0,0
2820-2905-13751,194090,1112222,485560,0,0,0,0,128128,0,0
2821-2906-13752,201107,1021458,639260,0,0,0,0,58175,0,0
2822-2907-13753,455300,1005872,352868,25061,0,0,73200,7699,0,0
2822-2907-13755,449542,654949,507987,0,179742,0,0,127780,0,0
2822-2907-13756,121071,1004598,424429,0,247720,0,105,122077,0,0
2822-2907-13757,159992,899160,474319,21452,281530,0,0,83547,0,0
2822-2907-13758,98128,948209,736722,22931,0,0,65832,25737,0,22441
2823-2908-13759,166585,1178760,559535,0,0,0,0,15120,0,0
2823-2908-13760,132525,1177806,582792,0,0,0,0,26877,0,0
2823-2908-13762,175572,975813,753296,0,0,0,0,15319,0,0
2823-2908-16302,765455,864302,174051,101390,0,0,0,14802,0,0
2823-2908-16303,559900,983812,251104,97518,0,0,0,27666,0,0
2823-2908-16304,461249,955701,371728,89602,0,0,0,41720,0,0
2823-2908-16312,105620,1182770,546781,84829,0,0,0,0,0,0
2823-2908-16313,1142929,445522,256117,75432,0,0,0,0,0,0
2824-2909-13771,117300,913441,808210,0,0,0,12772,68277,0,0
2824-2909-13774,410184,923420,508877,0,0,0,0,77519,0,0
2824-2909-13778,82969,977943,764481,0,0,0,61029,33578,0,0
2824-2909-15172,168698,1068455,592277,39868,0,0,0,50702,0,0
2824-2909-15180,90974,957534,765081,0,0,0,54663,51596,152,0
2824-2909-15181,27097,678540,1101312,78816,0,0,0,34235,0,0
2824-2909-15182,117109,903604,812636,0,0,0,14329,72322,0,0
2824-2909-15183,102168,794376,800359,78548,0,0,108419,36130,0,0
2825-2910-13780,382133,894768,619109,0,0,0,0,23990,0,0
2826-2911-13787,97406,1071871,718287,0,0,0,0,32436,0,0
2827-2912-13796,393328,1238445,115446,0,0,0,0,172781,0,0
2827-2912-13798,630806,773602,409608,0,0,0,0,105984,0,0
2828-2913-13803,546884,1128607,195318,0,0,0,0,49191,0,0
2828-2913-13808,57048,1075754,758452,0,0,0,0,28746,0,0
2829-2914-13805,725543,394881,748504,0,0,0,0,51072,0,0
2829-2914-13806,636064,738983,489874,0,0,0,0,55079,0,0
2829-2914-14333,673668,293091,926589,26652,0,0,0,0,0,0
2829-2914-31401,673834,684798,466707,33410,0,0,47387,13864,0,0
2829-2914-31402,421242,461826,953077,29689,0,0,35990,18176,0,0
283-288-1657,383413,1053598,422658,0,0,0,0,60331,0,0
283-288-1660,186358,989336,669208,0,0,0,0,45612,0,29486
2830-2915-13807,640380,625693,509065,40145,0,0,0,43319,0,61398
2830-2915-13814,517340,586915,734394,33625,0,0,0,29923,0,17803
2831-2916-13812,261797,985374,587022,0,0,0,0,85807,0,0
2831-2916-13813,229675,920269,618912,0,0,0,0,63560,0,87584
2832-2917-13815,129345,569088,1221567,0,0,0,0,0,0,0
2832-2917-13817,237924,499639,1182437,0,0,0,0,0,0,0
2832-2917-18580,371890,549034,938990,49558,0,0,0,10528,0,0
2832-2917-18582,49444,262095,1583537,24924,0,0,0,0,0,0
2832-2917-18584,25474,446129,1402145,46252,0,0,0,0,0,0
2832-2917-18585,89248,292246,1438694,25206,0,0,74606,0,0,0
2833-2918-13819,153022,914312,778061,0,0,0,0,24689,0,49916
2834-2919-13820,195447,914645,771265,0,0,0,0,38643,0,0
2834-2919-13821,333400,1028994,489418,0,0,0,0,68188,0,0
2834-2919-13823,403151,973968,494187,0,0,0,0,48694,0,0
2835-2920-13824,209725,578327,473910,0,518101,0,14,20169,0,119754
2835-2920-13832,154557,248575,967355,0,549513,0,0,0,0,0
2835-2920-13833,35768,573420,798947,0,357723,0,0,26220,0,127922
2835-2920-13834,147331,296209,767910,0,647862,0,0,16373,0,44315
2836-2921-13836,588271,855996,427675,0,0,0,0,48058,0,0
2836-2921-15057,343221,992881,483217,57958,0,0,0,42723,0,0
2836-2921-15065,420302,844643,568510,33529,0,0,0,53016,0,0
2837-2922-13838,69227,980735,655127,0,214911,0,0,0,0,0
2838-2923-13841,251921,976039,619694,0,0,0,0,15098,0,57248
2838-2923-13842,436429,958955,461703,0,0,0,0,11841,0,51072
2839-2924-13844,298717,986779,583535,0,0,0,0,50969,0,0
284-289-1668,305125,592966,912399,58159,0,0,0,51351,0,0
2840-2925-13846,646568,1077559,128985,0,0,0,0,66888,0,0
2840-2925-13847,283251,1124989,406161,0,0,0,0,105599,0,0
2840-2925-13848,560710,1065179,215237,0,0,0,0,78874,0,0
2840-2925-13852,204557,1094235,556236,0,0,0,0,64972,0,0
2840-2925-13853,588191,964471,294539,0,0,0,0,72799,0,0
2840-2925-13855,398765,786754,674861,0,0,0,0,59620,0,0
2840-2925-14569,257705,1063562,544549,0,0,0,0,54184,0,0
2840-2925-16478,142119,1147264,542951,74709,0,0,0,12957,0,0
2840-2925-16479,138859,1093575,591937,62971,0,0,0,32658,0,0
2840-2925-16482,321644,960174,497765,63532,0,0,0,76885,0,0
2840-2925-16483,496651,849699,488327,59049,0,0,0,26274,0,0
2840-2925-16927,278505,875137,691281,0,0,0,0,75077,0,0
2840-2925-17738,451833,1074533,216144,113011,0,0,0,64479,0,0
2840-2925-17740,624308,956552,238553,66652,0,0,0,33935,0,0
2840-2925-17744,510100,1030478,248736,83238,0,0,0,47448,0,0
2840-2925-17745,560181,999339,257361,71499,0,0,0,31620,0,0
2840-2925-17746,469989,1057844,286843,68344,0,0,0,36980,0,0
2841-2926-13857,311664,983131,360945,28554,216733,0,25,18948,0,0
2841-2926-14969,631359,838318,206091,25857,200356,0,1205,16814,0,0
2841-2926-15664,709282,511197,633510,66011,0,0,0,0,0,0
2841-2926-15676,296964,975122,446355,72899,0,0,83345,45315,0,0
2842-2927-13859,274967,1086826,417788,0,0,0,0,34269,0,106150
2843-2928-13863,48452,1281938,496812,0,0,0,0,92798,0,0
2843-2928-13865,77435,1184201,552019,0,0,0,0,106345,0,0
2844-2929-13866,176674,1080550,489468,0,90359,0,0,82949,0,0
285-290-1665,157648,748784,644378,10446,188136,0,63123,107485,0,0
286-293-1674,125794,824975,797474,79901,0,0,58305,33551,0,0
287-294-1676,399784,920004,447179,40476,0,0,88916,23641,0,0
29-29-159,353360,911998,517846,66887,0,0,45168,24741,0,0
29-29-2868,654424,593995,635090,0,0,0,0,36491,0,0
29-29-3381,484802,597066,753308,64683,0,0,0,20141,0,0
290-298-1707,526029,1027430,280307,0,0,0,36832,49402,0,0
292-300-1728,65073,659774,1034223,75509,0,0,79528,5893,0,0
293-301-1726,106924,962055,801839,0,0,0,0,49182,0,0
294-302-1729,473103,988637,311698,0,0,0,0,146562,0,0
295-303-1735,71098,840181,837764,35157,0,0,82985,52815,0,0
296-304-1736,261293,943485,689965,0,0,0,0,25257,0,0
296-304-1739,277120,925549,697016,0,0,0,0,20315,0,0
297-305-1746,491191,885072,353496,0,0,0,101869,88372,0,0
297-305-1750,47761,861722,876935,0,0,0,62173,71409,0,0
3-3-12,297123,585915,928221,0,0,0,0,108741,0,0
3-3-17,35000,941217,848541,0,0,0,0,95242,0,0
30-30-156,299755,621716,790100,110162,0,0,84162,14105,0,0
30-3328-15971,318551,1079924,442143,0,0,0,23159,56223,0,0
30-3328-17475,293637,820025,578288,77190,0,0,126245,24615,0,0
300-312-1773,54249,772896,1048911,0,0,0,0,43944,0,0
300-312-18831,116454,891147,842176,0,0,0,13315,56908,0,0
302-314-1780,452119,986006,444035,0,0,0,0,37840,0,0
302-314-3750,490212,780215,534951,65463,0,0,36229,12930,0,0
303-315-1782,285133,924964,653338,0,0,0,0,56565,0,0
304-316-2311,384747,759971,592504,44507,0,0,53293,25179,0,59799
304-316-25902,309920,1016706,536042,0,0,0,22848,34484,0,0
304-316-26089,260460,1105755,446529,0,0,0,55967,51289,0,0
304-316-28070,289771,1073959,380464,93741,0,0,82065,0,0,0
304-316-28072,121671,850867,716514,156455,0,0,74493,0,0,0
304-316-46569,424385,1063673,402339,0,0,0,0,29603,0,0
304-316-46570,504656,1020336,339161,0,0,0,0,55847,0,0
304-316-46809,158376,1005510,695710,0,0,0,0,60404,0,0
304-316-48364,569755,864140,415787,48141,0,0,0,22177,0,0
304-316-48370,232961,1041547,540660,26598,0,0,48559,29675,0,0
305-317-1788,425611,550144,890631,0,0,0,0,53614,0,0
305-317-1789,443458,992743,444764,0,0,0,0,39035,0,0
305-317-1790,777048,726847,389781,0,0,0,0,26324,0,0
306-319-1796,75642,860849,914527,0,0,0,41280,27702,0,0
307-320-1803,203489,798267,771047,38823,0,0,80644,27730,0,0
308-321-1802,457186,983217,363108,0,0,0,0,116489,0,0
309-322-1804,101714,1019686,728745,0,0,0,0,69855,0,0
309-322-2611,147739,934263,681672,42424,0,0,16695,97207,0,0
309-322-68121,356435,387592,1130673,20507,0,0,0,24793,0,0
31-31-154,355022,914498,569912,0,0,0,4051,70740,0,5777
310-323-1806,307014,951175,600505,0,0,0,0,61306,0,0
311-324-1808,239688,1072139,443125,0,0,0,0,165048,0,0
312-325-1809,638561,711929,462048,0,0,0,0,107462,0,0
312-325-1810,253216,711091,876534,0,0,0,0,79159,0,0
313-326-1821,260561,883539,677586,43204,0,0,0,55110,0,0
314-327-1817,636473,654592,551416,0,0,0,37528,39991,0,0
314-327-1818,399434,566978,653417,0,208218,0,0,28512,0,63441
315-328-1829,243309,907981,595041,0,0,0,93864,79805,0,0
315-328-19416,177185,1063392,562829,0,0,0,87041,29553,0,0
315-328-19417,135467,1096237,596902,0,0,0,56752,34642,0,0
315-328-37610,216446,1025384,499990,21523,0,0,81133,75524,0,0
315-328-63935,178589,1396306,220218,0,0,0,0,124887,0,0
315-328-63936,113859,981059,607024,25045,0,0,107930,85083,0,0
315-328-66766,140609,859268,655179,97250,0,0,117269,50425,0,0
315-328-66781,53026,890353,600543,50061,0,0,288578,0,0,37439
315-328-66792,179426,1352771,238542,39102,0,0,29738,80421,0,0
316-329-1834,236524,1128119,462614,0,0,0,0,92743,0,0
316-329-1835,71029,1225241,561440,0,0,0,0,62290,0,0
316-329-2690,256249,957724,535811,32821,0,0,73151,64244,0,0
317-330-1843,234221,1080934,466906,67514,0,0,0,70425,0,0
318-331-17110,36309,837410,946122,34152,0,0,57613,8394,0,0
318-331-1845,188413,999385,666214,0,0,0,0,65988,0,0
318-331-66153,341155,930665,441191,57735,0,0,101366,47888,0,0
319-332-1849,401687,622698,809471,0,0,0,44243,29916,0,11985
32-32-160,578138,746836,509926,0,0,0,0,85100,0,0
320-333-1852,239302,1027203,553667,0,0,0,0,99828,0,0
321-334-1854,726031,631805,495476,0,0,0,0,46117,0,20571
322-335-1855,29589,1049299,747558,0,0,0,0,93554,0,0
322-335-1857,235762,1105902,462061,0,0,0,0,116275,0,0
323-336-1867,282706,928887,676257,0,0,0,0,32150,0,0
324-337-1868,94909,848129,806630,0,0,0,82340,87992,0,0
325-338-13915,131023,829910,867143,0,0,0,0,83245,0,8679
325-338-14499,249705,1045131,381588,0,0,0,167779,75797,0,0
325-338-14501,58305,618985,1192223,0,0,0,11320,39167,0,0
325-338-1869,159110,1307132,373379,0,0,0,0,80379,0,0
326-339-1883,376970,573743,896169,55384,0,0,0,17734,0,0
327-340-1876,228476,1070316,568275,0,0,0,0,52933,0,0
328-341-2212,780070,725683,315305,0,0,0,0,98942,0,0
329-342-1886,541103,523133,818877,11024,0,0,0,25863,0,0
33-33-172,113449,767526,945056,0,0,0,0,93969,0,0
33-33-185,342404,769098,710835,0,0,0,0,97663,0,0
33-33-187,176906,868491,709295,0,0,0,0,165308,0,0
330-343-1890,260975,1117237,475984,0,0,0,0,65804,0,0
330-428-2249,401448,957265,417323,27294,0,0,52833,63837,0,0
331-344-1892,108274,768266,898732,0,13556,0,0,93017,0,38155
332-345-1894,36488,748132,832078,35848,238808,0,0,28646,0,0
333-346-1901,145257,1161820,345219,68842,0,0,99305,80849,0,18708
334-347-1908,384005,832549,550518,82637,0,0,48031,22260,0,0
335-348-10981,366189,992264,432385,0,0,0,25909,103253,0,0
335-348-10984,127555,841620,862487,0,0,0,26940,61398,0,0
335-348-13480,91807,876837,672060,104882,0,0,140413,34001,0,0
335-348-1910,60558,1110530,615589,59095,0,0,40050,34178,0,0
336-349-1914,84216,1154285,585038,0,0,0,0,96461,0,0
337-350-1916,180498,950474,728331,0,0,0,0,60697,0,0
338-351-1925,234150,762782,878297,0,0,0,0,33296,0,11475
339-352-1926,50300,691467,1005540,90513,0,0,57025,25155,0,0
339-352-2904,213743,869394,511888,95439,0,0,192468,37068,0,0
34-34-184,561655,839348,425125,0,0,0,24081,26432,0,43359
340-353-1929,262866,859455,682005,0,0,0,50195,65479,0,0
340-353-32601,282620,841665,748480,0,0,0,0,47235,0,0
341-354-1931,412917,928712,539976,0,0,0,0,38395,0,0
343-356-1936,678574,607737,620156,0,0,0,0,13533,0,0
344-357-1937,196931,865944,599207,0,127,0,202871,54920,0,0
344-357-1939,466952,812238,374389,0,0,0,185912,80509,0,0
345-359-1947,68988,576892,1060462,10399,143760,0,59499,0,0,0
346-360-1945,455214,884385,484627,9757,0,0,20653,65364,0,0
347-361-1951,47892,704356,1060060,0,0,0,17650,90042,0,0
348-362-1954,435371,859503,519056,0,0,0,0,72210,0,33860
35-35-192,307250,360755,1196361,55634,0,0,0,0,0,0
350-364-1961,257509,845472,707935,0,0,0,0,81328,0,27756
350-364-2677,16381,688728,1136223,39314,0,0,0,15422,0,23932
352-366-1962,176371,780030,859688,22551,0,0,47018,34342,0,0
354-368-1964,47013,941022,865880,0,0,0,0,66085,0,0
355-369-1967,459595,390644,1022260,0,0,0,21802,25699,0,0
355-369-1970,562199,474694,855256,0,0,0,0,27851,0,0
356-370-1973,161512,927788,632527,0,0,0,0,198173,0,0
356-370-1974,161160,1068275,534699,0,0,0,0,155866,0,0
357-371-1977,157650,906411,742675,0,0,0,0,113264,0,0
358-372-1984,586234,949289,311844,0,0,0,42684,29949,0,0
359-1232-5892,581645,926981,389886,21488,0,0,0,0,0,0
359-373-1992,208937,1036872,599099,0,0,0,0,44223,0,30869
359-373-90466,648843,453546,773095,0,0,0,22345,22171,0,0
36-36-1267,685941,402092,512099,41517,217665,0,0,16389,0,44297
36-36-196,127120,705296,851125,0,113947,0,0,106765,0,15747
36-36-216,489652,780200,298783,0,231111,0,0,80245,0,40009
360-374-1994,339133,1123259,349364,0,0,0,59318,48926,0,0
360-649-3125,293337,1044900,399337,75486,0,0,65602,41338,0,0
361-375-1999,599437,742215,414740,25188,0,0,0,93032,0,45388
361-636-3080,718063,617227,450488,66291,0,0,3793,19672,0,44466
362-376-2002,117966,539242,1188906,0,0,0,20514,53372,0,0
362-376-2003,374627,245399,1272637,0,0,0,15718,11619,0,0
363-377-2005,277852,938706,584527,3518,0,0,58167,57230,0,0
364-380-2020,514686,597101,701413,31022,0,0,58669,17109,0,0
364-380-2021,208208,518405,1069724,0,0,0,87861,35802,0,0
364-380-2977,279788,560078,991555,47616,0,0,19049,21914,0,0
365-381-2024,168979,507114,1198740,0,0,0,0,45167,0,0
366-382-2036,376070,890431,503328,0,0,0,0,100813,0,49358
366-382-2037,388300,825888,628850,0,0,0,0,76962,0,0
366-382-2038,481606,943553,305088,0,0,0,0,89671,0,100082
367-383-2041,180065,906372,703302,46535,0,0,25803,57923,0,0
368-384-2046,560670,434670,713517,0,0,187777,0,23366,0,0
369-385-2049,354169,1128977,261768,67651,0,0,20284,87151,0,0
37-37-198,334568,789226,586928,18951,128048,0,36159,26120,0,0
370-386-19781,546404,617786,635297,40921,0,0,57642,21950,0,0
370-386-2051,286240,584982,643345,0,313542,0,12926,56756,0,22209
370-386-6368,330401,615912,832721,48954,0,0,61024,24961,0,6027
371-387-2053,92199,1070434,697463,0,0,0,0,59904,0,0
371-387-2057,365568,1079795,394670,0,0,0,0,79967,0,0
371-387-2058,312780,1255285,298332,0,0,0,4949,48654,0,0
372-388-2061,648586,997334,204015,0,0,0,0,70065,0,0
373-389-2063,343152,1225845,284358,0,0,0,0,66645,0,0
374-390-2071,75286,322771,1360658,80388,0,0,80897,0,0,0
375-391-2076,177741,1243019,317082,0,0,0,94673,87485,0,0
375-5784-28703,373964,710138,777975,0,0,0,0,57923,0,0
375-5784-28931,327455,1298516,242571,0,0,0,10745,40713,0,0
375-5784-28932,303707,1063513,518546,0,0,0,0,34234,0,0
376-392-2077,155177,1377415,248242,0,0,0,18660,120506,0,0
377-393-2083,111055,1110361,655686,0,0,0,0,42898,0,0
377-393-3193,172577,593505,1042534,18316,0,0,56495,36573,0,0
377-393-3203,123566,864997,791791,25959,0,0,76558,37129,0,0
378-394-2089,462854,958396,475866,0,0,0,0,22884,0,0
379-395-2093,256203,933654,639501,9530,20396,0,0,60716,0,0
379-395-2095,67431,998634,763628,0,0,0,0,90307,0,0
379-395-4739,324563,772365,486782,92463,215451,0,0,28376,0,0
379-395-4741,322993,818958,611969,46286,101393,0,0,18401,0,0
38-38-203,395044,1077771,391039,0,0,0,0,56146,0,0
38-38-204,359784,777961,719622,0,0,0,0,62633,0,0
380-396-10501,445405,882103,533693,0,0,0,0,58799,0,0
380-396-12914,435594,589201,782932,0,32627,0,29588,23469,0,26589
380-396-2099,36037,1078621,716282,0,0,0,0,89060,0,0
380-396-23585,33231,478548,1119003,32461,237050,0,0,19707,0,0
380-396-37988,261210,439330,727604,28709,438295,0,0,0,0,24852
380-502-13430,605690,511786,456323,24777,63514,0,228264,11696,0,17950
381-397-2104,235667,473149,1166395,0,0,0,0,44789,0,0
381-397-2105,416987,389279,1088816,0,0,0,0,24918,0,0
382-398-2107,181310,781463,892825,0,0,0,0,64402,0,0
383-399-2110,225901,508673,1135064,0,0,0,0,50362,0,0
383-399-3105,289952,875808,644600,71456,0,0,0,38184,0,0
384-400-2114,33514,622090,1184220,0,0,0,40776,39400,0,0
385-401-2116,23332,709718,1108353,0,0,0,0,78597,0,0
386-402-2117,291853,709791,773700,0,0,0,0,48462,0,96194
386-402-2119,314182,1033100,507465,0,0,0,0,65253,0,0
387-403-2124,246725,762735,821930,379,0,0,0,88231,0,0
387-403-2127,501557,926852,479886,0,0,0,0,11705,0,0
387-403-2128,275394,752544,800933,0,0,0,0,91129,0,0
387-403-2129,258994,1017459,521237,0,0,0,0,122310,0,0
389-405-2132,504045,941764,327252,34960,0,0,49327,62652,0,0
389-405-4039,362977,828150,374888,35285,151107,0,111270,56323,0,0
39-39-206,166240,866795,841233,0,0,0,0,45732,0,0
39-39-207,398221,849514,626259,0,0,0,0,46006,0,0
390-406-2133,171323,1089045,516152,0,0,0,38340,105140,0,0
390-406-2135,68020,925737,870820,0,0,0,12460,42963,0,0
390-602-2931,31863,995181,812929,29025,0,0,27071,23931,0,0
391-407-2138,345774,638295,847717,0,0,0,0,88214,0,0
391-407-4069,235060,391914,1211238,42164,0,0,0,39624,0,0
392-408-2144,213582,992599,580759,39220,0,0,56647,37193,0,0
393-409-2151,39962,1089378,712501,0,0,0,0,78159,0,0
393-409-2152,341474,795906,719149,0,0,0,0,63471,0,0
393-409-2155,279443,867825,728183,0,0,0,0,44549,0,0
393-409-2156,49726,893775,888394,0,0,0,0,88105,0,0
393-409-2157,139034,1018130,707116,0,0,0,0,55720,0,0
393-409-2160,108716,978457,740682,0,0,0,0,92145,0,0
394-410-2163,145973,1018394,626332,0,0,0,30831,98470,0,0
395-411-2164,244144,934929,599407,0,0,0,48525,92995,0,0
395-411-2166,419176,322798,604578,0,564151,0,0,9297,0,0
396-412-2171,587584,842656,373839,24252,0,0,0,59985,0,31684
397-413-2174,181714,1180720,525012,0,0,0,0,32554,0,0
397-413-2184,228147,1009922,628574,0,0,0,0,53357,0,0
398-414-2176,412693,862803,593070,0,0,0,0,51434,0,0
399-415-2178,202049,1263509,372073,0,0,0,0,82369,0,0
4-4-21,67636,1084940,703243,0,0,0,0,64181,0,0
40-40-2085,338441,882851,531490,31347,0,0,70268,65603,0,0
40-40-211,187616,778702,857385,0,0,0,27115,69182,0,0
40-40-212,341576,994968,554301,0,0,0,0,29155,0,0
401-417-2188,222266,988999,654986,0,0,0,16439,37310,0,0
401-417-2192,115059,906024,835288,0,0,0,0,63629,0,0
401-417-2193,403093,1046670,428953,0,0,0,6976,34308,0,0
401-417-4352,174733,975765,604563,114316,0,0,24013,26610,0,0
401-5709-28375,357911,936220,468958,0,0,0,35364,77366,0,44181
402-418-2195,317642,1079331,504363,0,0,0,0,18664,0,0
404-420-2203,141152,1273324,449148,0,0,0,0,56376,0,0
404-420-2211,141263,1055655,650643,0,0,0,0,72439,0,0
405-422-2224,469363,1219570,116444,30464,0,0,58994,25165,0,0
405-422-2226,342223,1081032,445034,0,0,0,0,51711,0,0
406-423-2232,100355,1043232,651845,0,0,0,0,124568,0,0
406-423-2233,122091,1046284,652496,0,0,0,0,99129,0,0
406-423-2236,254640,1081758,414871,0,0,0,24485,144246,0,0
407-424-2238,95077,992182,764836,0,0,0,0,67905,0,0
408-425-2240,58966,553880,1199304,0,0,0,30823,69543,0,7484
41-41-215,87733,508018,1275724,0,0,0,0,48525,0,0
410-427-2242,194095,1261139,369875,0,0,0,0,94891,0,0
411-430-2251,92669,895909,888429,0,0,0,0,42993,0,0
412-431-2255,301864,820253,637342,58303,0,0,76125,26113,0,0
413-432-2256,125418,636297,895468,57905,182487,0,0,22425,0,0
414-434-2264,737818,643794,160150,19656,343971,0,0,14611,0,0
415-435-2268,636651,809592,360119,0,0,0,0,92517,0,21121
416-436-2272,157550,723481,873226,0,0,0,52382,87608,0,25753
417-437-2275,94261,930367,824206,0,0,0,0,71166,0,0
418-438-2279,277091,837567,785931,0,0,0,0,19411,0,0
419-439-2281,185975,964807,627659,0,0,0,0,86984,0,54575
42-42-218,736882,843008,309422,0,0,0,0,30688,0,0
42-42-222,208117,952742,696420,0,0,0,0,62721,0,0
420-440-2284,174326,862389,807671,0,0,0,0,75614,0,0
421-441-2289,283708,985948,586357,0,0,0,0,63987,0,0
421-441-5700,481329,642414,725498,40554,0,0,4658,25547,0,0
421-441-5701,293386,469338,1071285,85991,0,0,0,0,0,0
422-442-23328,286308,1171234,275751,81507,0,0,49364,0,0,55836
423-443-2291,75278,566016,1200834,0,0,0,10968,66904,0,0
424-444-2294,91332,445376,1124653,12651,223400,0,0,12129,0,10459
426-447-2315,732554,897508,253834,0,0,0,0,36104,0,0
426-447-2316,404585,955809,521363,0,0,0,0,38243,0,0
426-447-2318,443316,929975,523610,0,0,0,0,23099,0,0
427-448-2329,104433,841358,896076,48916,0,0,0,29217,0,0
427-448-38357,396514,573257,471763,1919,343671,123552,0,9324,0,0
427-448-42270,338375,407749,766086,43972,31064,332754,0,0,0,0
427-448-43620,184425,882000,762845,0,0,0,47698,43032,0,0
427-448-45481,130765,828396,856754,28260,0,0,50254,25571,0,0
427-448-56681,86354,655826,976555,45238,0,0,130407,25620,0,0
427-448-57944,287621,648398,795828,27125,0,0,111700,49328,0,0
428-450-2340,336689,1064199,378010,0,0,0,0,111017,0,30085
428-450-2341,309641,972762,587487,0,0,0,0,50110,0,0
429-451-2343,728251,517852,594362,0,0,0,0,40997,0,38538
43-43-221,356968,973538,469739,24661,0,0,31114,63980,0,0
431-453-2356,574717,397384,733721,83294,0,0,130884,0,0,0
432-454-2358,434655,754031,287189,14988,367768,0,52578,8791,0,0
432-454-2360,807431,487008,215524,3271,355014,0,48731,3021,0,0
433-455-2362,27460,818029,985767,0,0,0,0,88744,0,0
434-456-2366,261783,768727,792837,0,0,0,0,96653,0,0
435-457-2370,43655,987960,807976,0,0,0,0,80409,0,0
435-457-2371,265281,974442,597538,0,0,0,0,82739,0,0
436-458-2376,518601,1013809,321445,0,0,0,0,66145,0,0
436-458-2377,237933,808953,825057,0,0,0,0,48057,0,0
437-459-2378,260203,1178803,360766,0,0,0,51325,68903,0,0
438-460-2384,206535,962652,719861,0,0,0,0,30952,0,0
439-461-2387,127922,1077676,397983,57943,0,0,66190,135169,0,57117
439-461-32404,58106,938874,559024,35137,154872,0,0,173987,0,0
439-461-32405,61626,1050287,476159,43336,173122,0,0,115470,0,0
439-461-3817,103146,1251967,354479,89224,0,0,0,121184,0,0
440-462-2389,59679,956045,850678,0,0,0,0,53598,0,0
440-462-85565,104343,258328,1170077,9725,308263,0,0,28946,0,40318
440-462-85569,96904,235869,1169241,0,417986,0,0,0,0,0
441-463-2390,134116,886197,720519,27303,0,0,70878,80987,0,0
441-463-2392,17124,551789,1234088,31587,0,0,11567,44207,0,29638
442-464-2399,169483,878579,427389,0,320914,0,36744,65267,0,21624
443-465-2401,393378,871918,614817,0,0,0,0,39887,0,0
443-465-2727,331522,801542,721652,25351,0,0,0,39933,0,0
444-466-2404,220204,982515,641098,0,0,0,0,76183,0,0
444-466-3422,393438,1011123,390471,68192,0,0,0,56776,0,0
445-467-2406,299071,1090040,454676,0,0,0,0,76213,0,0
446-468-2408,281312,1264279,267309,0,0,0,0,107100,0,0
447-469-2411,459959,985080,318909,0,0,0,93215,62837,0,0
448-470-2416,95099,658113,1024330,52424,0,0,0,90034,0,0
448-538-3282,52749,646188,1052826,85856,0,0,43550,38831,0,0
449-471-2417,445078,797498,607434,0,0,0,0,69990,0,0
45-45-229,801948,314488,723327,0,0,0,44297,35940,0,0
450-472-2418,44370,924747,907531,0,0,0,0,43352,0,0
451-473-2420,588460,841801,391613,0,0,0,0,40873,0,57253
452-474-2423,206265,865963,653191,51759,0,0,79797,63025,0,0
452-474-2424,206185,853447,661280,53233,0,0,76666,69189,0,0
452-474-2425,206081,849892,642938,53229,0,0,75990,72969,0,18901
452-474-3210,449295,623189,626940,61930,0,0,148225,10421,0,0
452-474-37087,375182,913697,440939,16637,0,0,102751,70794,0,0
453-475-2441,271321,278633,1286627,58500,0,0,24919,0,0,0
453-475-37510,547839,784804,350743,0,174688,0,0,45366,0,16560
453-475-37511,34953,340881,1214071,0,259611,0,0,24561,0,45923
453-475-37512,196754,843978,735527,0,57174,0,0,56896,0,29671
453-475-38541,398707,628513,534929,56022,241728,0,0,17420,0,42681
454-476-2437,222308,840138,824633,0,0,0,0,32921,0,0
455-477-2436,398809,776997,679676,0,0,0,0,64518,0,0
457-479-2447,164481,1096911,597969,0,0,0,0,60639,0,0
457-479-4057,153247,1125382,513901,77079,0,0,0,50391,0,0
458-480-2449,265321,814528,535541,6341,139513,0,0,78545,0,80211
459-481-2450,106742,789574,813980,0,0,0,140500,69204,0,0
459-481-3668,237309,979502,484111,37076,0,0,160765,21237,0,0
459-481-3669,1117991,168025,569536,35016,0,0,29432,0,0,0
459-481-3675,632936,480466,505286,17739,283247,0,326,0,0,0
46-46-234,136809,1149923,484765,43684,0,0,53454,51365,0,0
460-483-11378,322390,818158,458999,53670,203919,0,0,62864,0,0
460-483-2457,270365,1117216,450914,0,0,0,0,57780,0,23725
462-485-3575,81256,802012,883308,42057,0,0,44781,66586,0,0
463-486-2465,492388,748292,622004,0,0,0,0,57316,0,0
464-487-2467,355192,909281,556290,0,0,0,0,78965,0,20272
465-488-2469,556416,872699,473413,0,0,0,0,17472,0,0
466-489-2471,585926,757950,520654,0,0,0,5193,50277,0,0
467-490-2477,192067,834404,862391,0,0,0,9510,21628,0,0
467-490-2478,281367,705458,895960,0,0,0,0,37215,0,0
468-491-2483,189442,780187,773790,0,0,0,67448,63587,0,45546
469-492-2485,242391,847478,647587,0,0,0,37799,114640,0,30105
47-47-237,822223,630504,430283,0,0,0,0,36990,0,0
470-493-2488,209347,860742,835279,0,0,0,7903,6729,0,0
470-493-4583,483626,763310,656000,17064,0,0,0,0,0,0
471-494-2490,374716,900617,575935,0,0,0,0,22447,0,46285
472-611-2971,148841,1007686,663434,64252,0,0,0,35787,0,0
472-611-2973,73444,1128924,626995,90637,0,0,0,0,0,0
472-611-2978,96521,757266,974507,55505,0,0,0,36201,0,0
473-496-2501,354758,724462,719023,0,0,0,87645,34112,0,0
474-497-2502,461634,608325,585852,10980,231591,0,0,21618,0,0
475-498-2505,484402,928024,447232,0,0,0,0,60342,0,0
477-500-2512,146111,1157055,525431,0,0,0,0,91403,0,0
478-501-2514,197685,1355119,317943,0,0,0,0,49253,0,0
479-503-2518,301071,1089212,345134,0,0,0,30679,95867,0,58037
48-48-242,224811,897511,754826,0,0,0,0,42852,0,0
480-504-2520,399941,909446,455853,0,0,0,112205,42555,0,0
482-508-2530,158229,1229321,397487,0,0,0,0,111033,0,23930
482-508-3507,37233,818466,907307,76009,0,0,0,58396,0,22589
482-508-3510,17638,742005,1035194,47821,0,0,19271,58071,0,0
482-508-3511,440061,1125150,279153,0,0,0,0,75636,0,0
482-508-3512,522369,1281579,81989,0,0,0,0,34063,0,0
483-509-2549,184648,1045444,610625,0,0,0,39601,39682,0,0
483-509-2550,98706,1135341,625315,0,0,0,0,60638,0,0
485-648-3127,20119,803506,942235,102958,0,0,0,51182,0,0
486-513-2567,207868,866661,685695,50521,0,0,65690,43565,0,0
487-514-2563,677054,867663,288548,0,0,0,0,86735,0,0
487-514-4117,452669,902349,456280,38724,0,0,0,69978,0,0
487-514-4119,553282,828887,398688,63909,0,0,0,75234,0,0
488-515-2568,198601,862930,751485,54433,0,0,37226,15325,0,0
488-515-98497,208133,596723,1078352,0,0,0,0,36792,0,0
489-516-2574,375016,593136,913507,0,0,0,0,38341,0,0
49-49-261,58229,1008157,781873,32395,0,0,25987,13359,0,0
491-518-2582,818355,828261,235940,0,0,0,0,37444,0,0
491-518-4889,315856,629389,840938,78702,0,0,32344,22771,0,0
492-519-2590,687004,522932,698268,0,0,0,0,11796,0,0
493-520-2594,655414,425168,784087,0,0,0,0,55331,0,0
494-521-2597,41409,761730,940079,0,0,0,108085,68697,0,0
496-523-2604,200530,873492,726315,0,0,0,0,10275,0,109388
497-524-2606,125725,1045849,677978,0,0,0,0,70448,0,0
498-525-2608,67421,877507,862702,0,0,0,0,112370,0,0
499-526-2617,153414,345959,1284122,0,0,0,0,35217,0,101288
499-526-3194,127938,405776,1261415,23768,0,0,0,15997,0,85106
5-1886-8839,199135,893992,552375,80727,0,0,129165,64606,0,0
5-1886-8840,114327,781901,812929,81767,0,0,82638,46438,0,0
5-5-20442,214866,931031,593464,0,0,0,139242,41397,0,0
5-5-20443,285585,758059,565431,37925,172296,0,24117,76587,0,0
5-5-26,136971,989127,710573,68396,0,0,0,14933,0,0
5-5-52063,220897,655068,821417,29626,0,0,152498,40494,0,0
50-50-271,534902,734883,565544,72217,0,0,0,12454,0,0
500-527-2620,273204,274003,748511,51225,573057,0,0,0,0,0
500-527-2903,422518,251040,1152712,44907,0,0,48823,0,0,0
501-528-2627,232848,1012136,609812,0,0,0,0,65204,0,0
501-528-2628,488663,823860,415220,57540,0,0,100799,33918,0,0
501-528-3168,171129,873753,766864,26322,0,0,63468,18464,0,0
502-530-2632,217315,1367631,258527,0,0,0,0,76527,0,0
503-531-2633,75032,815340,732043,32682,229373,0,5222,30308,0,0
504-532-2638,497715,341732,993137,32855,0,0,46268,8293,0,0
505-533-2644,294146,1245845,317988,0,0,0,0,62021,0,0
506-534-2645,240421,658572,624050,0,310497,0,0,86460,0,0
506-534-2650,87412,833966,912433,0,0,0,0,86189,0,0
507-535-2653,381690,731025,766344,0,0,0,0,40941,0,0
508-2265-10686,92184,838225,902999,0,0,0,0,86592,0,0
508-2265-10694,191488,698861,994797,0,0,0,0,34854,0,0
508-2265-10695,167187,994332,685767,0,0,0,0,45568,0,27146
508-536-15265,153959,921634,670787,56172,0,0,35871,49865,0,31712
508-536-4666,42283,783091,996321,0,0,0,0,35179,0,63126
509-537-2675,857526,681882,359140,0,0,0,0,21452,0,0
51-51-251,580870,752976,467604,0,0,0,72675,45875,0,0
51-51-253,852999,758148,187119,0,0,0,90811,30923,0,0
51-632-3073,338577,1024875,499604,44767,0,0,0,12177,0,0
51-632-3074,333031,1002623,458050,57705,0,0,68591,0,0,0
510-539-2679,591193,611516,658293,0,0,0,43213,15785,0,0
511-540-2683,358502,820688,692922,0,0,0,0,47888,0,0
511-540-2685,18617,473421,1391726,0,0,0,0,36236,0,0
511-540-2687,143784,979825,668193,31649,0,0,55375,41174,0,0
511-540-2688,429047,654396,798450,0,0,0,0,38093,0,14
512-541-2693,632338,988594,277125,0,0,0,0,21943,0,0
512-541-6148,32487,680076,1160663,0,0,0,0,46774,0,0
513-542-2697,400408,1041976,329201,41986,0,0,40662,65767,0,0
513-542-3294,381359,1056175,396111,0,0,0,0,86355,0,0
513-542-3296,293771,926748,592165,0,0,0,0,107316,0,0
513-542-3693,319508,1134566,281084,110862,0,0,43367,30613,0,0
513-542-5725,178610,830277,754511,89214,0,0,0,67388,0,0
514-543-2698,202360,648160,969311,0,0,0,0,100169,0,0
514-543-2699,469615,917240,473688,0,0,0,0,59457,0,0
515-544-2703,171448,1142801,543305,0,0,0,0,62446,0,0
515-544-2707,49913,829027,975581,0,0,0,0,65479,0,0
516-545-2711,186846,475588,1235021,0,0,0,0,22545,0,0
517-546-2712,314033,911589,469914,59288,0,0,109224,55952,0,0
518-547-2714,133165,384326,1313717,11653,0,0,0,36112,0,41027
519-548-2715,214839,560943,1096699,0,0,0,0,47519,0,0
519-548-4850,729423,646960,462299,65493,0,0,0,15825,0,0
519-548-4851,508512,538768,791255,78806,0,0,0,2659,0,0
52-52-273,186660,815233,781531,37386,0,0,22020,77170,0,0
52-52-274,87138,761501,943945,32678,0,0,28952,65786,0,0
520-549-2717,416474,682211,726147,0,0,0,38333,56835,0,0
521-550-2719,30816,1142799,668555,0,0,0,0,77830,0,0
522-551-2723,436876,982967,470054,0,0,0,0,30103,0,0
523-553-2728,115801,1334357,285447,0,0,0,0,184395,0,0
524-554-2732,316799,817359,735136,0,0,0,27947,22759,0,0
525-555-2739,302786,699349,734270,25774,0,0,102948,54873,0,0
525-555-2742,120829,428596,1303044,67531,0,0,0,0,0,0
525-555-29123,180550,876762,684933,62778,0,0,120,71487,0,43370
526-556-2744,247793,983440,461590,0,167158,0,0,60019,0,0
527-557-2746,118040,1082432,515030,0,0,0,23878,180620,0,0
527-733-3505,126831,756747,870796,32881,0,0,31216,101529,0,0
528-558-2757,486711,932121,473224,0,0,0,0,27944,0,0
528-558-2759,259021,1043336,598826,0,0,0,0,18817,0,0
529-559-2760,199335,970852,464908,87450,162807,0,0,34648,0,0
530-561-2764,172833,811207,804028,0,0,0,59975,71957,0,0
530-561-3434,61636,694232,1100923,0,0,0,0,63209,0,0
530-561-4853,41909,587764,1161377,48915,0,0,47215,32820,0,0
530-561-73343,111189,782715,889022,42752,0,0,19806,74516,0,0
531-562-2768,66764,937235,766113,0,0,0,0,149888,0,0
532-563-2773,811933,751282,228709,19847,0,0,93167,15062,0,0
532-563-2774,262880,1005214,526360,25588,0,0,64004,35954,0,0
533-564-2777,121843,1011910,534593,0,0,0,0,178362,0,73292
533-564-4040,126856,1209680,334899,117679,0,0,19714,111172,0,0
533-564-4041,59611,1065264,473307,98754,0,0,0,133533,0,89531
536-567-2787,83831,437482,1279303,0,0,0,0,119384,0,0
536-567-2791,503428,638714,759467,0,0,0,0,18391,0,0
536-567-2792,108184,431313,1304461,0,0,0,0,76042,0,0
537-569-2799,43318,842408,923490,0,0,0,7129,103655,0,0
538-570-2802,390895,204481,887903,0,433692,0,0,3029,0,0
539-571-2806,432519,560216,784575,26482,0,0,96543,19665,0,0
54-54-279,279064,607060,994805,0,0,0,0,39071,0,0
540-572-2807,307678,869442,598080,0,0,0,65127,79673,0,0
541-573-2809,602993,519881,773318,0,0,0,0,23808,0,0
542-574-2811,274811,686646,856154,0,0,0,0,61654,0,40735
543-575-2815,381939,986651,447812,0,0,0,0,103598,0,0
543-575-2817,270086,518998,881061,0,198592,0,24,51239,0,0
543-575-2818,255475,1020793,481190,0,0,0,21504,141038,0,0
544-576-2820,120709,1005924,715310,0,0,0,0,78057,0,0
545-578-2825,890523,208285,810094,0,0,0,0,11098,0,0
545-578-2826,423078,154647,1301687,0,0,0,0,12031,0,28557
546-579-2833,58434,922222,887741,0,0,0,0,51603,0,0
547-580-2836,256233,1136722,488986,0,0,0,0,38059,0,0
547-580-2843,131970,708379,1026348,0,0,0,0,53303,0,0
548-581-2842,77358,1079254,487600,0,0,0,0,249026,0,26762
549-582-2848,456423,882896,437045,0,0,0,0,52518,0,91118
549-582-2849,914806,537025,424064,0,0,0,0,44105,0,0
55-55-276,422915,770870,671169,0,0,0,0,55046,0,0
55-55-278,286690,772315,772482,0,0,0,24265,55420,0,8828
55-577-2830,698831,580162,554994,71998,0,0,0,14015,0,0
550-583-2853,175834,1032705,677832,0,0,0,0,33629,0,0
551-584-2856,121613,891326,834271,0,0,0,27142,45648,0,0
551-584-2859,410194,669616,680003,0,0,0,44165,95083,0,20939
551-584-4387,668044,661087,405770,48688,0,0,80622,32477,0,23312
551-584-4389,505003,688106,543849,43384,0,0,85520,33666,0,20472
552-585-2863,162830,947989,768702,0,0,0,17232,23247,0,0
553-586-2866,526511,909142,347754,0,0,0,0,66201,0,70392
555-588-2877,253841,999510,579102,0,0,0,54387,33160,0,0
555-588-2878,724621,498175,655295,0,0,0,0,41909,0,0
556-589-2881,75896,923784,798246,0,0,0,0,122074,0,0
558-591-2890,542214,871668,442449,23847,0,0,0,39822,0,0
559-592-2893,372794,1058878,355862,0,26131,0,21435,84900,0,0
56-56-282,271013,1036239,508588,71760,0,0,0,32400,0,0
560-593-2896,322884,481719,1089670,0,0,0,0,25727,0,0
560-593-4042,141633,1031259,623937,40219,0,0,41222,41730,0,0
562-595-2902,367711,689185,797286,0,0,0,0,65818,0,0
563-596-2907,260224,938311,557349,41712,0,0,54801,67603,0,0
563-596-2908,288578,895903,664465,0,0,0,0,71054,0,0
564-597-2909,103534,787825,862232,31837,0,0,72969,61603,0,0
564-597-2912,511531,911713,331740,37020,0,0,79021,48975,0,0
565-598-2917,578432,790714,152965,0,367072,0,0,30817,0,0
566-600-2922,632662,670136,576937,0,0,0,0,40265,0,0
567-601-2928,260006,1067122,480083,0,0,0,49800,40800,0,22189
568-603-2933,107603,1097176,691968,0,0,0,0,23253,0,0
569-604-24011,332057,1114695,360465,0,0,0,0,112783,0,0
569-604-2935,268871,1004488,527336,31622,0,0,32446,55237,0,0
57-57-284,196485,590873,1065966,0,0,0,0,66676,0,0
57-57-4584,119158,954357,724934,43963,0,0,0,77588,0,0
57-57-4585,112277,505170,1203705,45424,0,0,0,53424,0,0
57-57-4586,109892,513688,1181770,46819,0,0,0,67831,0,0
570-605-2949,409520,751306,564209,0,0,0,140,63655,131170,0
571-606-3579,873840,675744,370416,0,0,0,0,0,0,0
571-606-3580,204871,914137,775650,0,0,0,0,25342,0,0
572-607-2952,482533,1063694,307564,0,0,0,0,66209,0,0
573-608-2953,42303,920072,904689,0,0,0,0,52936,0,0
573-608-2955,112593,1340666,405112,0,0,0,14433,47196,0,0
574-609-2956,566636,700784,646254,0,0,0,0,6326,0,0
574-609-2962,765282,693299,451803,0,0,0,0,9616,0,0
574-609-2963,153740,868936,871776,0,0,0,0,25548,0,0
575-610-2967,129941,1181026,515604,0,0,0,0,93429,0,0
575-610-2968,43446,946062,843210,0,0,0,0,87282,0,0
576-612-2980,153296,609817,929915,0,182437,0,0,33937,0,10598
577-613-19871,23232,748285,996441,48516,0,0,56832,46694,0,0
577-613-2987,56999,865914,793005,70888,0,0,97309,35885,0,0
577-613-3299,182023,1063788,445103,30289,0,0,113764,85033,0,0
577-613-3300,224362,1097090,416157,33265,0,0,37437,111689,0,0
577-613-4014,183914,1145206,348537,0,0,0,65723,176620,0,0
577-613-4015,241815,1101824,431109,0,0,0,0,145252,0,0
577-613-5001,69096,1131553,485159,91537,0,0,0,117109,0,25546
578-614-2989,212284,1243448,450688,0,0,0,0,13580,0,0
579-615-2991,255513,1022243,563152,0,0,0,0,79092,0,0
579-615-2996,173831,847692,805731,0,0,0,38536,54210,0,0
579-615-2997,271929,971176,615124,0,0,0,0,61771,0,0
58-58-291,362724,1066033,358128,0,0,0,0,80830,0,52285
58-58-299,386489,1081012,315279,0,0,0,0,84341,0,52879
580-616-3000,131053,484566,802183,0,471882,0,0,30316,0,0
580-616-3001,399276,720015,428588,0,361341,0,0,10780,0,0
581-617-3005,276599,946158,629206,0,0,0,0,68037,0,0
581-885-4134,85035,794632,896767,37675,0,0,0,55545,0,50346
582-619-3013,292568,1167875,317306,0,0,0,0,142251,0,0
583-620-3019,554694,840852,510889,0,0,0,0,13565,0,0
584-621-3021,444289,899890,565712,0,0,0,0,10109,0,0
585-622-18756,462619,934173,454301,0,0,0,17838,51069,0,0
585-622-3023,266740,1019513,449058,0,0,0,27149,87758,0,69782
585-823-3845,584508,675872,476264,57319,0,0,0,45145,0,80892
585-823-3848,48838,1007536,635300,87942,0,0,0,45272,0,95112
586-623-3025,640406,722828,334557,57769,164440,0,0,0,0,0
586-623-52075,408339,811909,452216,30612,172003,0,14128,30793,0,0
586-623-52076,377777,680878,841333,0,0,0,20012,0,0,0
586-623-54252,338548,769616,701309,54029,0,0,56498,0,0,0
586-623-9314,355381,623040,810747,130832,0,0,0,0,0,0
587-624-3029,476850,1001122,357082,0,0,0,0,50164,0,34782
588-625-3030,363431,699986,733826,0,0,0,0,122757,0,0
588-625-3031,164739,1052742,618088,0,0,0,0,84431,0,0
589-626-3036,482292,716830,415686,21200,213065,0,27815,43112,0,0
59-59-305,726584,417467,680960,38248,0,0,56741,0,0,0
590-627-29260,639940,520697,751441,0,0,0,0,7922,0,0
590-627-3039,193310,1153851,447907,47609,0,0,46421,30902,0,0
590-627-3046,229059,1235406,279284,47851,0,0,32500,95900,0,0
591-628-3042,422803,825440,587088,0,0,0,0,31721,0,52948
591-628-3043,246622,711311,908996,0,0,0,6476,46595,0,0
591-628-3045,219104,917746,700451,0,0,0,21827,60872,0,0
592-629-14046,135137,1017669,722818,10546,0,0,0,33830,0,0
592-629-27582,117188,742772,828938,85638,0,0,127182,18282,0,0
592-629-3051,196718,823163,436746,58176,311007,0,15579,54994,0,23617
593-630-3052,196435,610808,1083468,0,0,0,0,29289,0,0
594-631-3056,190050,1094656,592772,0,0,0,0,42522,0,0
595-633-3066,198411,1234225,474369,0,0,0,0,12995,0,0
596-634-3075,1291910,228735,377947,0,0,0,0,21408,0,0
597-4309-21234,154713,1194266,504263,0,0,0,0,66758,0,0
597-4309-21770,93970,967235,753459,16507,0,0,30721,58108,0,0
597-635-3077,156887,1025573,711851,0,0,0,0,25689,0,0
597-635-3997,201436,1077623,526207,41028,0,0,20866,32136,0,20704
599-639-3082,99872,1040637,709848,0,0,0,0,32090,0,37553
599-639-3083,365281,873740,613773,0,0,0,0,16156,0,51050
6-111-496,714330,527661,547069,0,0,0,0,130940,0,0
6-6-1436,948207,401896,490678,34300,0,0,0,44919,0,0
6-6-31,639514,589475,575857,72244,0,0,0,0,0,42910
60-60-301,354796,903821,551015,89435,0,0,0,20933,0,0
600-640-3091,853117,331994,713901,0,0,0,0,20988,0,0
600-640-3092,1219087,446211,228809,0,0,0,0,25893,0,0
602-642-3098,245846,517478,1051727,0,0,0,0,30180,0,74769
603-643-3104,119733,1004218,730677,0,0,0,0,65372,0,0
603-774-3630,117366,944387,684568,36897,0,0,68099,68683,0,0
605-645-3113,322229,1108825,360361,0,0,0,0,128585,0,0
605-645-3114,302902,1050223,486921,0,0,0,0,79954,0,0
606-646-3112,135186,1035334,611817,0,0,0,20673,116990,0,0
606-646-33011,63339,762020,1021893,0,0,0,30637,42111,0,0
606-646-33363,168574,949751,690214,41270,0,0,0,55749,0,14442
607-647-3116,117970,960486,778122,0,0,0,0,35794,0,27628
609-651-3131,199202,1112988,509001,0,0,0,0,98809,0,0
609-651-3132,61572,998230,736451,0,0,0,0,123747,0,0
609-651-79806,226046,1056866,591072,0,0,0,0,46016,0,0
609-651-79808,458206,632331,766526,0,0,0,0,62937,0,0
609-7052-34712,275416,1193949,367374,0,0,0,0,83261,0,0
609-7052-34714,524292,1002839,322404,0,0,0,0,70465,0,0
61-61-303,525435,776452,535976,28316,0,0,42157,11664,0,0
610-653-3136,447175,855359,517227,20107,0,0,38707,41425,0,0
611-654-3143,377071,598757,895791,0,0,0,0,48381,0,0
611-654-4514,742829,622720,481085,44321,0,0,0,29045,0,0
613-656-3150,858734,594666,390892,0,0,0,0,75708,0,0
614-657-3153,170893,930206,772279,0,0,0,14593,32029,0,0
615-658-3155,339895,849170,555763,43474,0,0,100984,30714,0,0
616-659-3158,408966,675054,707413,0,0,0,0,59220,0,69347
617-660-3160,172928,1190910,444596,0,0,0,0,111566,0,0
618-661-48994,148032,673635,1052867,0,0,0,0,45466,0,0
618-661-48996,41060,602055,1158584,37094,0,0,0,47943,0,33264
619-662-3166,25424,676347,968296,49908,98464,0,0,50240,0,51321
619-662-3167,91697,899010,534530,59083,235682,0,0,37554,0,62444
62-115-504,237997,844042,689186,0,0,0,20958,127817,0,0
620-1058-5077,252770,509898,1086420,70912,0,0,0,0,0,0
620-663-3170,482675,460620,960060,0,0,0,0,16645,0,0
621-664-3171,165301,924559,757859,0,0,0,0,72281,0,0
622-665-3176,123523,904623,678744,0,0,0,330,106197,106583,0
623-666-3180,268200,596502,563893,17535,385452,0,9827,78591,0,0
623-666-3182,49244,563670,856791,42423,380537,0,0,27335,0,0
625-668-44014,51711,729122,1075696,0,0,0,0,63471,0,0
626-669-3205,186097,965237,735453,0,0,0,0,33213,0,0
626-669-4565,244429,942735,622742,41458,0,0,45749,22887,0,0
626-669-4571,48445,894085,738977,5963,0,0,201143,31387,0,0
627-670-3213,508924,867175,450492,0,15794,0,5139,72476,0,0
628-671-3215,365506,1063771,405883,0,0,0,0,84840,0,0
629-672-3216,53265,1213576,500897,0,0,0,28485,123777,0,0
63-63-1434,160676,919731,733484,88990,0,0,0,17119,0,0
630-673-3223,163083,887392,833672,0,0,0,0,35853,0,0
630-673-5572,147048,721189,1000556,39873,0,0,0,11334,0,0
632-675-3229,349298,957643,568708,0,0,0,0,44351,0,0
632-675-5128,339615,900322,535690,32265,0,0,77751,34357,0,0
633-676-3235,415843,750399,676558,0,0,0,0,77200,0,0
633-676-3237,519994,700472,611235,0,0,0,0,63975,0,24324
634-677-3240,223908,809357,756134,0,80791,0,0,49810,0,0
634-677-3241,257477,735135,672135,7354,200235,0,0,47664,0,0
635-678-3243,63526,807487,975340,0,0,0,0,73647,0,0
636-679-3248,311137,906278,600045,0,0,0,0,102540,0,0
637-680-21900,622158,809066,328683,52701,0,0,55929,51463,0,0
637-680-21902,414256,864133,588416,0,0,0,0,53195,0,0
637-680-21904,221075,814052,633982,62290,0,0,115847,22028,0,50726
637-680-34025,316790,815272,590421,67168,0,0,95663,34686,0,0
637-680-34026,308581,817284,570665,72573,0,0,126601,24296,0,0
638-681-3262,375593,654352,810339,73587,0,0,0,6129,0,0
639-682-3266,61987,683853,1095793,0,0,0,0,78367,0,0
64-64-313,175437,1062519,621349,0,0,0,0,60695,0,0
640-683-3268,225017,886166,734850,0,0,0,0,73967,0,0
640-683-5124,167628,785104,788798,90823,0,0,61277,26370,0,0
641-684-3273,407630,751013,694141,0,0,0,0,67216,0,0
642-685-3274,396378,632202,859606,0,0,0,0,31814,0,0
642-685-3279,542484,875334,470373,0,0,0,0,31809,0,0
642-685-3280,620495,970500,300507,0,0,0,0,28498,0,0
643-686-3308,539596,836260,466270,0,0,0,0,77874,0,0
643-686-3313,554193,928239,380162,0,0,0,0,57406,0,0
643-686-3314,257051,1042435,496295,0,0,0,0,124219,0,0
643-686-3315,536545,691477,643718,0,0,0,0,48260,0,0
644-687-3305,407244,833715,503166,0,0,130216,0,45659,0,0
644-687-3306,679644,493541,570803,0,0,110038,0,65974,0,0
645-688-3319,118982,930867,714009,0,0,0,21079,116016,0,19047
646-689-3320,209281,1056917,570224,0,0,0,24416,59162,0,0
646-689-3323,210386,1007379,599548,0,0,0,62623,40064,0,0
646-689-3324,678492,745330,415298,0,0,0,62755,18125,0,0
647-690-3325,365216,1012363,344420,0,0,0,45485,152516,0,0
647-690-3326,492913,822092,425581,0,0,0,33562,145852,0,0
648-691-3328,273403,1121693,434356,0,0,0,0,90548,0,0
648-691-3329,89986,1127931,592196,0,0,0,0,109887,0,0
648-691-3331,70073,985808,760472,0,0,0,0,103647,0,0
648-691-3332,367628,1013086,488562,0,0,0,0,50724,0,0
648-691-3998,474951,915659,471102,29529,0,0,0,28759,0,0
649-692-3335,122645,905797,736766,0,0,0,0,24309,130483,0
649-692-88766,143308,831507,828772,0,0,0,1202,43142,72069,0
65-3667-17774,386803,1343674,19370,0,0,0,85592,84561,0,0
65-3667-17776,93900,1011715,677233,0,0,0,0,137152,0,0
65-65-321,106462,930656,620911,69906,0,0,41450,150615,0,0
650-693-3336,143865,981780,410636,35646,86062,0,0,58630,0,203381
651-694-3337,95561,650336,1136534,0,0,0,0,37569,0,0
651-694-63536,13336,644767,1238591,0,0,0,0,23306,0,0
652-695-3342,303881,681572,872177,0,0,0,38611,23759,0,0
653-696-3351,77152,816786,1001890,0,0,0,0,24172,0,0
654-697-3356,547480,626896,487645,15593,165181,0,36389,40816,0,0
654-697-4326,180420,1147941,499741,0,0,0,28128,63770,0,0
654-697-4327,478432,650342,558787,48856,161113,0,0,22470,0,0
654-697-4329,413351,821943,545689,22987,0,0,94243,21787,0,0
655-698-3359,241667,952721,653221,0,0,0,0,72391,0,0
655-698-3362,27877,439231,1409717,0,0,0,0,43175,0,0
656-699-3366,534818,684233,636337,0,0,0,0,64612,0,0
656-699-3367,208512,853490,763719,0,0,0,0,94279,0,0
656-699-5447,104866,307710,1458648,6366,0,0,0,42410,0,0
656-699-5453,234406,539714,1017057,39770,0,0,58543,30510,0,0
659-702-3372,144325,1237859,478443,0,0,0,0,40226,0,19147
66-66-319,98940,888895,769850,28168,0,0,64190,49591,0,20366
660-703-3378,52505,644018,1062985,18976,0,0,95167,46349,0,0
660-703-3379,445253,946379,344439,26139,0,0,113757,44033,0,0
661-704-3382,259286,799790,770163,0,0,0,0,90761,0,0
662-705-3384,635879,734471,544199,0,0,0,0,5451,0,0
662-705-5059,323373,1030467,505252,54465,0,0,0,6443,0,0
663-706-3385,149952,1050021,681233,0,0,0,0,38794,0,0
663-706-3387,107488,872997,846054,0,0,0,0,93461,0,0
664-707-3388,595548,1083621,176497,0,0,0,0,64334,0,0
664-707-3394,186620,664663,997912,0,0,0,0,70805,0,0
664-707-3395,435879,1138627,298326,0,0,0,0,47168,0,0
665-708-3400,355951,783428,703461,0,0,0,0,76930,0,230
665-708-3401,243548,718120,850448,0,0,0,0,107884,0,0
666-3440-16556,171891,764934,819127,36689,0,0,94972,32387,0,0
666-709-3402,364598,918059,564758,0,0,0,0,72585,0,0
667-710-3404,299323,769311,661920,66961,0,0,0,52665,0,69820
667-710-7013,123866,696002,873901,60653,0,0,31718,69739,0,64121
668-711-3407,242319,932504,623204,0,0,0,34636,87337,0,0
668-711-3409,383913,980785,471895,0,0,0,0,83407,0,0
669-712-50182,809081,498060,586375,0,0,0,0,26484,0,0
67-67-322,704885,515296,658416,0,0,0,0,22007,0,19396
670-713-3420,144265,978277,703679,0,0,0,14689,79090,0,0
670-713-5021,286080,927303,631543,41208,0,0,0,33866,0,0
670-713-60276,228924,980026,665050,0,0,0,0,46000,0,0
671-714-3426,137570,807478,621478,44955,267812,0,0,40707,0,0
672-715-3427,255970,487387,1118418,26556,0,0,0,31669,0,0
672-715-3429,60496,649206,1128573,35058,0,0,0,46667,0,0
673-716-3430,252588,1324709,264323,0,0,0,0,78380,0,0
673-716-3432,105175,1158608,545674,0,0,0,0,110543,0,0
674-717-3452,169613,969947,605629,34693,0,0,72054,68064,0,0
674-717-51499,13332,767059,989939,58196,0,0,0,7391,0,84083
675-718-3443,11224,762217,1120928,0,0,0,0,25631,0,0
675-718-3445,23000,716081,1152023,0,0,0,0,28896,0,0
677-720-3456,424344,849918,458186,25404,0,0,43155,63882,0,55111
677-720-44619,49298,915205,736674,138592,0,0,30884,49347,0,0
677-720-45024,78509,1070018,537549,103963,0,0,70770,59191,0,0
677-720-5515,398695,802292,462580,92586,0,0,51214,56934,0,55699
677-720-5517,169759,1117061,324855,109081,0,0,49756,122077,0,27411
677-720-5521,473923,743022,449954,118488,0,0,47757,47743,0,39113
678-721-3458,179238,862042,493229,0,224411,0,0,92511,0,68569
679-722-3460,632078,543935,737033,0,0,0,0,6954,0,0
68-68-1825,232495,1083614,533672,45838,0,0,0,24381,0,0
68-68-331,221279,1175407,451761,0,0,0,0,71553,0,0
680-723-3462,85066,864810,445339,6321,432724,0,0,85740,0,0
681-724-3476,292596,1018374,415729,40119,76243,0,0,76939,0,0
683-726-3469,87020,471509,827749,18166,455338,0,0,60218,0,0
684-727-3478,202958,1033252,623885,0,0,0,0,59905,0,0
685-728-3479,90144,789598,943854,0,0,0,7208,89196,0,0
686-729-3489,453943,861936,547630,0,0,0,0,56491,0,0
687-730-3495,210682,1016645,636793,0,0,0,0,55880,0,0
688-731-3497,634420,888073,347818,0,0,0,0,49689,0,0
689-732-3503,447012,843627,569193,0,0,0,0,60168,0,0
69-69-338,149339,994203,710971,0,0,0,0,65487,0,0
69-69-339,33915,835775,1017790,0,0,0,0,32520,0,0
690-734-3502,162111,720725,959999,25894,0,0,36159,15112,0,0
691-735-3880,483231,844707,542855,0,0,0,0,49207,0,0
693-737-3509,588115,1004353,270298,0,0,0,0,57234,0,0
695-739-3517,66952,660442,1134299,29464,0,0,0,28843,0,0
696-740-3519,180191,1071880,586014,0,0,0,0,37638,0,44277
697-741-7496,143049,839140,874329,52716,0,0,0,10766,0,0
698-742-3522,249714,1065176,513305,0,0,0,0,91805,0,0
699-743-3531,150071,873123,862565,0,0,0,0,34241,0,0
699-743-3534,161009,940182,720430,0,0,0,54367,31758,0,12254
7-7-53,91326,691579,976906,128951,0,0,0,31238,0,0
70-70-340,162430,829873,845696,49654,0,0,0,32347,0,0
700-744-6829,25281,734737,1051068,65464,0,0,20135,23315,0,0
700-744-76745,530420,854079,361562,0,100055,0,0,73884,0,0
701-745-3536,308107,654806,868212,0,0,0,19408,69467,0,0
702-746-3538,204460,744531,470970,136172,297504,0,20380,20025,0,25958
703-747-3543,214808,891510,757169,0,0,0,0,56513,0,0
704-748-3544,447078,865932,545357,0,0,0,0,61633,0,0
705-749-3547,58646,605123,1149040,0,0,0,0,107191,0,0
706-750-3548,347949,946192,417376,25041,175619,0,0,7823,0,0
706-750-5647,119009,810539,742707,113975,115261,0,25,18484,0,0
707-751-3552,77687,1068506,674891,0,0,0,0,98916,0,0
708-752-4966,73642,792459,879359,78661,0,0,49361,46518,0,0
709-753-3557,80247,931626,706656,0,0,0,0,100826,0,100645
709-753-3558,375573,1087800,376418,0,0,0,0,80209,0,0
71-71-347,608675,502649,775309,0,0,0,0,13133,0,20234
710-754-3560,252214,823997,731064,0,0,0,66479,46246,0,0
710-754-64260,356756,827082,570657,0,0,0,93870,47247,0,24388
711-755-3564,264538,765446,827793,0,0,0,0,62223,0,0
712-756-3568,20803,607901,1224924,0,0,0,0,66372,0,0
712-756-3569,644467,895305,345711,0,0,0,0,34517,0,0
713-757-3570,88854,505092,838035,74514,397578,0,0,15927,0,0
716-760-3582,88526,840352,795616,0,104615,0,0,66277,0,24614
716-760-3583,212808,1174177,358479,0,50943,0,0,96849,0,26744
717-2005-9419,453905,509793,856774,71478,0,0,28050,0,0,0
717-2005-9424,426139,800451,577055,43180,0,0,22262,50913,0,0
717-2005-9425,181247,531174,1109700,97879,0,0,0,0,0,0
717-761-3589,491483,970894,386641,0,0,0,0,70982,0,0
717-761-3590,154406,965194,701382,0,0,0,0,99018,0,0
718-762-3592,283267,587852,987471,0,0,0,0,44162,0,17248
718-762-3593,593978,847716,404919,0,0,0,0,73387,0,0
719-763-3598,237042,1022263,605683,0,0,0,0,55012,0,0
72-72-19825,712607,283562,412446,0,511385,0,0,0,0,0
72-72-19827,432219,470821,489465,31966,484721,0,0,10808,0,0
72-72-349,471074,956302,273412,38811,0,0,127096,53305,0,0
72-72-351,74633,928591,718366,48412,0,0,92408,57590,0,0
720-764-3600,869029,724180,248026,0,0,0,11450,67315,0,0
722-766-3606,95435,1196408,439795,0,0,0,0,188362,0,0
724-768-3610,597872,657068,612626,0,0,0,0,29143,0,23291
725-769-3612,231532,1121775,454058,0,0,0,0,112635,0,0
725-769-5925,226545,1015434,577734,33339,0,0,0,66948,0,0
726-770-3613,348919,1025891,475371,0,0,0,0,69819,0,0
726-770-3615,380522,1144137,339256,0,0,0,0,56085,0,0
727-771-3618,257323,907186,667432,39749,0,0,0,48310,0,0
73-73-2147,101363,941243,688379,125065,0,0,0,63950,0,0
73-73-352,165657,964086,673343,0,0,0,0,108812,0,8102
731-776-3632,675027,317114,896640,0,0,0,0,31219,0,0
732-777-3633,306939,992266,576604,0,0,0,0,44191,0,0
732-777-3636,257996,988685,586597,0,0,0,0,86722,0,0
734-779-3644,51886,685170,1036687,62989,0,0,64673,18595,0,0
736-781-3661,293302,535241,883067,0,126494,0,0,81896,0,0
737-782-3664,272910,1067516,390085,153515,0,0,0,35974,0,0
737-782-3665,345860,893146,512315,110852,0,0,10928,22385,0,24514
738-783-3659,556896,748077,381333,0,211029,0,0,22665,0,0
738-783-65794,75036,753545,906949,0,149609,0,0,34861,0,0
739-784-3667,299866,959800,539493,0,0,0,0,120841,0,0
74-74-358,386251,947938,504327,0,0,0,20742,60742,0,0
74-74-359,496743,1148471,250924,0,0,0,0,23862,0,0
74-74-360,389485,1074051,428713,0,0,0,0,27751,0,0
740-785-3672,192483,843715,807747,0,0,0,0,76055,0,0
741-786-3676,385421,715623,778712,0,0,0,0,40244,0,0
741-786-3680,451233,631421,789937,0,0,0,0,47409,0,0
741-786-6258,199259,562677,1048689,49881,0,0,40768,18726,0,0
743-788-3684,560669,835414,453996,0,0,0,0,69921,0,0
743-788-3685,306701,999661,556510,0,0,0,0,57128,0,0
743-788-6182,86472,670690,980493,30078,0,0,97449,47860,0,6958
744-789-4665,90842,701324,943324,51402,0,0,0,60207,0,72901
744-789-4667,40242,749919,1029106,0,0,0,0,52212,0,48521
746-791-3705,450892,1024548,354182,0,263,0,0,90115,0,0
747-5736-28471,522239,636035,700716,0,0,0,34627,26383,0,0
747-792-29424,267563,736932,782526,34176,0,0,62045,36758,0,0
747-792-3708,428049,332301,1068746,0,0,0,68675,22229,0,0
747-792-3710,582591,585281,630604,0,0,0,61120,60404,0,0
748-793-3712,216374,849553,767807,5747,0,0,24667,24064,0,31788
749-794-3714,59357,661912,955202,11043,105941,0,36474,90071,0,0
75-75-365,427987,781526,634755,0,0,0,0,47404,0,28328
750-795-3716,424070,772286,675080,34664,0,0,0,13900,0,0
751-796-3722,275928,1227145,375840,0,0,0,0,41087,0,0
753-800-3732,232298,1090457,516807,0,0,0,9714,70724,0,0
754-801-3737,162627,885032,776179,0,0,0,0,96162,0,0
754-801-4496,81609,846639,888772,41024,0,0,0,61956,0,0
755-802-16013,24954,509080,1234266,44650,0,0,80631,26419,0,0
755-802-16014,69245,884075,825493,57947,0,0,51139,32101,0,0
755-802-16015,73635,857031,823287,58747,0,0,73344,33956,0,0
755-802-16016,73913,857602,823009,58747,0,0,73344,33385,0,0
755-802-3742,172307,787173,832956,0,0,0,51444,76120,0,0
755-802-3745,429675,553961,765224,0,0,0,66460,46337,0,58343
755-802-6890,31009,612025,1162538,43727,0,0,0,38582,0,32119
756-803-3746,308799,823751,607191,0,0,0,0,110961,0,69298
757-804-3748,140435,897059,776184,0,0,0,56398,49924,0,0
757-804-4024,261631,920706,617472,20752,0,0,91515,7924,0,0
758-805-3752,449339,655574,732593,0,0,0,0,60826,0,21668
76-76-31490,168823,911086,804194,14452,0,0,0,21445,0,0
76-76-31491,216469,968796,673811,21852,0,0,30612,8460,0,0
76-76-368,79474,1093961,700941,0,0,0,0,45624,0,0
76-76-369,352374,1329836,211178,0,0,0,0,26612,0,0
76-76-42374,52276,1072471,546371,83409,0,0,134967,30506,0,0
76-76-42380,35751,948590,638228,75522,186665,0,0,35244,0,0
76-76-6534,70549,1056906,497619,75424,0,0,132216,87286,0,0
76-76-6535,54720,957543,576469,70051,177912,0,33522,49783,0,0
76-76-6537,145857,1132344,443791,46901,0,0,108606,42501,0,0
760-808-3760,232018,843278,745255,0,49523,0,0,49926,0,0
760-808-4935,268197,418700,737161,0,491761,0,0,4181,0,0
760-808-4938,380928,714580,761903,0,0,0,10549,52040,0,0
760-808-6076,223802,818683,457392,44557,313118,0,31401,31047,0,0
760-808-8599,191842,693969,985211,28077,0,0,0,20901,0,0
761-809-3763,71209,978761,818341,0,0,0,0,51689,0,0
761-809-6079,23131,686868,1117832,69120,0,0,0,23049,0,0
761-809-6086,215503,1006570,522297,68201,0,0,70280,37149,0,0
762-810-3774,57788,780802,900300,41276,0,0,98480,41354,0,0
763-811-3785,247404,1007241,618469,0,0,0,0,46886,0,0
764-812-3787,94068,830856,921875,0,0,0,20355,52846,0,0
764-812-3800,186918,948831,579946,0,0,0,39466,142146,0,22693
764-812-4792,239394,1109130,360117,47336,0,0,43874,75355,0,44794
765-813-3789,380879,862631,467112,695,0,0,86,67501,141096,0
766-814-3798,160049,1060335,421230,0,0,0,107061,53552,0,117773
767-815-3804,257701,707466,899761,0,0,0,0,55072,0,0
768-816-3811,390444,730142,745389,0,0,0,0,54025,0,0
768-816-3814,152887,675313,1030244,0,0,0,0,61556,0,0
77-77-372,680907,703176,492473,0,0,0,0,43444,0,0
772-820-3836,264623,1047336,457723,0,0,0,101705,48613,0,0
773-821-3840,357058,1043333,439165,0,0,0,0,80444,0,0
774-822-3843,639494,723514,349155,0,33650,127334,3,46850,0,0
774-822-5105,54998,557196,1021159,20721,0,248177,0,17749,0,0
775-824-3851,88928,947139,698573,0,0,0,0,185360,0,0
776-825-3854,187216,927820,638109,0,0,0,0,166855,0,0
777-826-3860,288493,846858,739043,0,0,0,0,45606,0,0
778-10721-52715,449986,826569,471307,90127,0,0,56725,25286,0,0
778-10721-52717,411182,709059,460256,86263,211064,0,21212,20964,0,0
779-828-5174,306171,1006385,536012,0,0,0,0,71432,0,0
779-828-6020,51541,684145,1068302,37930,0,0,35124,42958,0,0
779-828-6930,351725,1075963,352470,0,0,0,80814,59028,0,0
78-78-377,622911,689300,425520,53918,0,0,91323,37028,0,0
780-829-3872,303069,770965,795369,0,0,0,0,50597,0,0
781-830-3878,224725,969302,629637,24218,0,0,30442,41676,0,0
782-832-3882,104959,933229,818707,0,0,0,0,63105,0,0
782-832-3883,211430,987861,647375,0,0,0,0,73334,0,0
782-832-5611,139311,1036937,668364,60978,0,0,0,14410,0,0
783-833-4771,498450,832411,335279,73568,0,0,165660,14632,0,0
783-833-4773,408013,846862,367382,114028,0,0,176709,7006,0,0
783-833-4775,410926,906513,284100,125417,0,0,153443,39601,0,0
784-834-3889,540108,726034,487658,0,0,0,115116,51084,0,0
785-835-3891,440822,461829,990741,0,0,0,0,26608,0,0
786-836-3895,187444,1146777,519605,0,0,0,3865,62309,0,0
787-837-4438,498863,733595,529105,32761,0,0,58249,67427,0,0
788-838-3905,483468,843941,505605,0,0,0,22292,64694,0,0
788-838-3908,774927,498415,573636,0,0,0,65199,7823,0,0
789-839-3909,529811,1136448,185213,0,0,0,0,68528,0,0
79-79-1439,120791,726480,813757,66591,52964,0,115773,23644,0,0
79-79-381,374974,746481,482734,22150,262134,0,0,13559,0,17968
790-840-3917,93400,738567,799242,161569,0,0,0,25303,0,101919
790-840-3918,93349,746113,797526,161569,0,0,0,25303,0,96140
790-840-3919,101579,769223,807780,151147,0,0,0,12648,0,77623
792-842-3932,485781,463879,699030,0,172641,0,0,61004,0,37665
793-843-3939,419573,957823,448684,0,0,0,53165,40755,0,0
793-843-3941,171240,1087893,522474,0,0,0,35899,102494,0,0
796-846-3957,430193,735242,594381,20259,87597,0,0,52328,0,0
797-847-3954,476709,993967,364981,0,0,0,9798,74545,0,0
798-849-3966,268807,1052567,487955,0,0,0,8790,101881,0,0
8-8-40,212586,817032,638407,0,226422,0,0,25553,0,0
8-8-41,394190,1016183,479560,0,0,0,0,30067,0,0
8-8-42,474717,887664,497078,0,0,0,0,60541,0,0
8-8-50,505748,1007226,268792,0,0,0,89547,48687,0,0
8-8-51,95911,929148,790451,0,0,0,63945,40545,0,0
8-8-52,263046,1024947,499784,0,0,0,78867,53356,0,0
80-80-384,391066,498238,856223,45285,0,0,90597,38591,0,0
800-851-4957,275294,398051,1149895,96760,0,0,0,0,0,0
802-853-3989,351770,908572,571430,0,0,0,0,88228,0,0
803-854-3991,103122,804698,868074,22143,0,0,79760,42203,0,0
804-855-4004,54306,902499,906908,0,0,0,14433,41854,0,0
804-855-4006,81323,856317,923784,0,0,0,13461,45115,0,0
806-857-7772,316051,912021,612063,0,0,0,0,79865,0,0
809-860-4030,282470,1094396,474067,0,0,0,0,69067,0,0
81-81-388,597166,810480,366975,0,0,0,82516,33989,0,28874
81-81-389,273586,702312,836233,0,0,0,81159,3985,0,22725
812-863-4043,76408,1333307,316666,0,0,0,43524,150095,0,0
815-866-4056,257412,1431951,198453,0,0,0,0,32184,0,0
816-867-4058,365366,1087963,420843,0,0,0,0,45828,0,0
817-868-11455,50869,832544,966318,0,0,0,0,70269,0,0
817-868-11457,129694,971561,708219,0,0,0,0,110526,0,0
817-868-5209,381191,967003,474902,57136,0,0,113,39655,0,0
818-869-4061,312999,662608,639455,0,228756,0,0,60441,0,15741
819-870-18824,164992,653026,1048508,0,0,0,0,53474,0,0
819-870-20869,28889,573566,1192211,81763,0,0,19989,23582,0,0
819-870-4064,381952,450537,954947,87643,0,0,24035,20886,0,0
82-82-390,641590,0,1278410,0,0,0,0,0,0,0
821-872-4077,88974,890588,460807,57784,173655,0,0,48481,0,199711
822-873-4078,334217,1109309,426917,0,0,0,0,49557,0,0
822-873-4079,279641,1135853,478717,0,0,0,0,25789,0,0
823-874-4081,233936,775307,809865,0,0,0,0,65732,0,35160
824-875-4085,500939,847476,407129,0,0,0,106274,58182,0,0
825-876-4086,557268,592652,730061,0,0,0,0,40019,0,0
825-876-4095,642211,634861,608116,0,0,0,0,34812,0,0
827-878-4089,67955,755958,966555,0,0,0,27857,101675,0,0
828-880-4099,241192,1177084,425073,0,0,0,0,76651,0,0
829-881-4110,305728,816671,610349,0,152341,0,0,34911,0,0
830-882-4115,117265,667919,1076018,0,0,0,0,58798,0,0
830-882-4116,24899,629379,1206646,0,0,0,0,59076,0,0
831-883-4124,419368,483409,954395,0,0,0,48193,14635,0,0
833-886-4136,677274,467624,689750,35004,0,0,21335,29013,0,0
834-887-4140,262186,934960,633150,0,0,0,0,89704,0,0
835-888-4144,273351,850547,684066,0,0,0,0,79409,0,32627
835-888-4145,390736,953841,525146,0,0,0,0,50277,0,0
837-8742-42559,301146,552651,1012655,0,0,0,0,53548,0,0
837-890-11416,513057,645443,665208,52809,0,0,4051,37869,0,1563
837-890-70957,253591,854187,674316,51322,0,0,63494,23090,0,0
837-890-70959,567344,620180,580804,0,0,0,0,42936,0,108736
838-891-4162,25392,611314,978646,56773,211432,0,59,36384,0,0
838-891-4944,82721,478683,793200,68664,488094,0,68,0,0,8570
839-892-4168,445258,825624,597173,0,0,0,0,51945,0,0
84-84-396,636458,526337,483958,11600,233431,0,11158,17058,0,0
840-893-4171,477321,920544,482728,0,0,0,0,39407,0,0
842-895-4179,408151,542368,765970,55133,121824,0,0,26554,0,0
842-895-6111,106445,508144,1091166,90773,123472,0,0,0,0,0
842-895-6113,263654,553627,856901,100145,145673,0,0,0,0,0
843-896-4192,14877,845160,1026388,0,0,0,0,33575,0,0
846-899-4222,254154,1004419,464343,51479,0,0,114504,31101,0,0
849-902-4226,438549,897766,415789,35979,0,0,51218,80699,0,0
849-902-5619,170404,1035829,410651,41630,228909,0,585,31992,0,0
85-85-405,231876,892937,575643,81245,0,0,73892,64407,0,0
850-903-4228,187774,1128170,535552,0,0,0,0,68504,0,0
850-903-4231,204395,1141923,480500,0,0,0,0,93182,0,0
852-905-4250,327061,777021,543488,0,9,0,167838,64216,0,40367
853-906-4252,82312,969640,533165,39473,126089,0,0,116488,0,52833
854-907-4259,556117,410758,863422,23820,0,0,35875,30008,0,0
855-908-4261,427073,895268,494119,29243,0,0,44603,29694,0,0
857-910-4271,172391,742988,883840,3490,0,0,0,117291,0,0
857-910-5893,335835,987742,429320,60468,0,0,74007,32628,0,0
857-910-5894,252129,922159,568150,59461,0,0,69932,48169,0,0
858-911-4275,165261,934082,612036,2074,0,0,116641,89906,0,0
858-911-4276,368386,862417,438692,5151,0,0,150456,94898,0,0
859-912-4280,96443,1089119,647935,0,0,0,0,86503,0,0
860-913-4281,213384,820427,738195,1306,0,0,83116,63572,0,0
861-914-4286,915124,511351,424010,0,0,0,30177,36789,0,2549
861-914-4287,262376,954618,540364,0,0,0,0,80229,0,82413
862-915-4291,136423,951321,732255,0,0,0,7045,92956,0,0
864-917-4298,335521,964439,540947,0,0,0,11742,67351,0,0
865-918-4309,285641,1317486,162542,0,0,0,18872,135459,0,0
867-920-4313,625252,795232,146610,0,0,0,0,352906,0,0
868-921-4316,186396,765707,782906,42888,0,0,96259,45844,0,0
869-922-4317,506369,747440,529510,0,0,0,35132,101549,0,0
869-922-4319,138499,772265,940954,0,0,0,0,68282,0,0
87-87-403,292939,1123351,360373,0,0,0,0,143337,0,0
870-923-27758,49263,783493,900212,26733,86092,0,0,74207,0,0
870-923-4321,67276,803419,811857,19709,144252,0,0,73487,0,0
871-924-4325,192088,1149860,508454,0,0,0,19848,49750,0,0
871-924-5132,259501,847148,570852,101264,0,0,136444,4791,0,0
871-924-60578,132437,773222,761697,88796,0,0,143662,20186,0,0
871-924-61350,338757,734557,731247,0,0,0,54035,61404,0,0
871-924-84784,82314,768388,953805,0,0,0,55367,41449,0,18677
872-925-4330,120462,847508,823209,0,0,0,0,128821,0,0
873-926-4335,599981,667202,585138,0,0,0,0,34075,0,33604
875-928-4340,329542,796496,468531,0,281244,0,0,44187,0,0
877-930-4350,499579,951325,365215,46277,0,0,23024,34580,0,0
877-930-5709,40982,825269,912871,48680,0,0,53082,39116,0,0
878-931-4354,470979,969186,370759,0,0,0,0,109076,0,0
878-931-6222,293561,1005903,495248,40227,0,0,0,85061,0,0
879-932-4360,143005,898959,835941,0,0,0,0,40659,0,1436
88-88-410,242809,836036,734602,90031,0,0,0,16522,0,0
88-88-5569,215774,1089662,548773,0,0,0,0,65791,0,0
880-933-5117,618342,1062487,78929,71493,0,0,75537,13212,0,0
881-934-4366,297830,709875,864224,0,0,0,0,48071,0,0
882-935-4369,279845,913886,598929,0,0,0,14324,113016,0,0
882-935-4370,125636,863645,848100,0,0,0,0,82619,0,0
882-935-6435,101039,712585,1018836,52802,0,0,0,34738,0,0
882-935-7083,65593,880605,894024,0,0,0,0,79778,0,0
882-935-7087,71049,1002477,659160,50540,0,0,12346,99182,0,25246
883-936-4372,401221,421239,968326,95147,0,0,2,34065,0,0
884-937-14816,571511,735380,510283,0,0,0,0,97087,0,5739
884-937-4377,720026,719579,438344,0,0,0,0,42051,0,0
885-938-4379,126461,1028599,623944,50076,40398,0,0,50522,0,0
886-939-4384,217708,1044985,588982,0,0,0,0,68325,0,0
887-940-4391,286182,474931,654035,0,433181,0,0,71671,0,0
889-942-4400,184186,801556,890033,0,0,0,0,44225,0,0
889-942-7953,442236,597090,783281,61011,0,0,26397,9985,0,0
89-89-408,330521,765515,787414,0,0,0,0,36550,0,0
890-943-5276,457096,743204,616828,92641,0,0,0,10231,0,0
891-944-4415,174155,611656,1009716,0,0,0,0,124473,0,0
891-944-5067,95723,786570,885414,26016,0,0,62131,64146,0,0
891-944-51360,91347,834647,947191,0,0,0,0,46815,0,0
891-944-51364,447267,688761,549259,33972,111293,0,0,89448,0,0
891-944-51365,536919,768570,509816,0,0,0,0,104695,0,0
891-944-51367,124011,733159,994888,0,0,0,0,67942,0,0
891-944-5397,206063,698826,893186,27425,0,0,8130,86370,0,0
893-946-10137,29454,867239,861955,76044,0,0,8660,76648,0,0
893-946-4419,488718,879194,456103,0,0,0,0,87709,0,8276
893-946-4421,29467,993489,780115,0,0,0,0,116929,0,0
894-947-4430,411339,937387,486036,0,0,0,0,85238,0,0
895-948-4426,81083,600511,1159799,36864,0,0,0,41743,0,0
896-1230-5888,30898,292983,1520779,75340,0,0,0,0,0,0
897-950-4440,227279,979595,609554,0,0,0,0,103572,0,0
897-950-4441,325368,813361,671897,0,0,0,0,48449,0,60925
898-951-4445,453400,1153208,252760,0,0,0,0,60632,0,0
898-951-5653,127580,1158062,546273,38827,0,0,0,49258,0,0
898-951-5672,154205,1237084,451889,42078,0,0,0,34744,0,0
899-952-4449,134728,809338,752449,26882,0,0,168864,27739,0,0
899-952-4450,623573,854605,329006,51254,0,0,13633,47929,0,0
899-952-4451,596422,554684,696213,30615,0,0,0,42066,0,0
9-9-43,608700,1061708,161993,0,0,0,55844,31755,0,0
9-9-47,586540,1010740,286805,0,0,0,0,35915,0,0
9-9-48,296795,1036866,517466,0,0,0,0,68873,0,0
9-9-49,585843,679004,559029,0,0,0,0,96124,0,0
90-90-411,120520,840577,882455,0,0,0,0,76448,0,0
900-953-4452,195404,1092938,510951,0,0,0,0,120707,0,0
900-953-4454,138699,1010253,605549,33182,0,0,48274,84043,0,0
901-954-4479,381186,764914,600895,42555,0,0,47386,83064,0,0
902-955-4459,287702,751554,787571,0,0,0,0,93173,0,0
902-955-4462,59481,409714,1418897,0,0,0,0,31908,0,0
902-955-4466,168271,834595,826789,52660,0,0,0,37685,0,0
902-955-4467,321638,861260,656891,0,0,0,12064,68147,0,0
902-955-4469,149003,836134,831954,51044,0,0,0,51865,0,0
903-956-4475,486881,943838,327771,0,0,0,138241,23269,0,0
903-956-4476,374910,965007,411303,0,0,0,143707,25073,0,0
904-957-4480,841790,0,1078210,0,0,0,0,0,0,0
905-958-69907,163371,942283,562880,21756,168790,0,8067,52853,0,0
905-958-69909,43304,771120,821891,18026,182839,0,15765,67055,0,0
905-958-71148,21959,708615,878554,53779,202971,0,0,54122,0,0
905-958-71149,61774,693365,890918,58308,195651,0,0,19984,0,0
907-960-4503,261896,675622,514919,0,419811,0,0,47752,0,0
907-960-4508,451237,1023305,305976,0,94910,0,10933,33639,0,0
908-961-4525,96966,598715,1159629,0,0,0,18696,42182,0,3812
908-961-6159,91536,814733,881756,53731,0,0,14798,63446,0,0
909-962-4516,229997,824553,768933,50348,0,0,11117,35052,0,0
91-91-416,287309,1011773,572485,0,0,0,0,48433,0,0
911-964-4524,535517,392471,948317,32828,0,0,10867,0,0,0
912-965-4535,978088,353353,548255,40304,0,0,0,0,0,0
913-966-4534,452011,799699,544382,0,0,0,0,123908,0,0
914-967-4541,47342,873035,920010,0,0,0,0,79613,0,0
914-967-4542,414061,1077344,394869,0,0,0,0,33726,0,0
917-970-12033,231770,937132,594316,113265,0,0,16609,26908,0,0
917-970-12035,754911,483984,578840,102265,0,0,0,0,0,0
917-970-12036,371773,746910,660433,112388,0,0,0,28496,0,0
917-970-5955,345512,685813,554174,0,273856,0,0,60645,0,0
918-971-8730,584877,612533,627608,42242,0,0,19259,33481,0,0
919-972-4561,786937,593207,507325,0,0,0,0,32531,0,0
919-972-4562,385632,466726,1039682,0,0,0,0,27960,0,0
92-92-418,93277,770830,937513,10491,0,0,39744,55871,0,12274
92-92-43808,136993,968072,717578,8258,0,0,32962,37669,0,18468
92-92-43810,574569,808491,481106,7014,0,0,34063,14757,0,0
920-973-4569,850924,512278,429331,0,65697,0,0,61770,0,0
920-973-4570,213570,859952,578716,0,166291,0,0,101471,0,0
921-974-4573,624236,798932,437582,0,0,0,0,59250,0,0
923-976-4581,328317,1179054,314579,0,0,0,47229,50821,0,0
925-979-4589,221900,1322285,287834,0,0,0,0,87981,0,0
925-979-4590,325378,1289986,206717,0,0,0,0,97919,0,0
926-980-4595,276857,608881,993622,0,0,0,0,40640,0,0
927-981-4602,308251,848248,619179,0,0,0,57883,55639,0,30800
928-983-4608,164354,1088231,586985,0,0,0,0,80430,0,0
929-984-4610,490290,948151,446570,0,0,0,0,34989,0,0
93-93-426,637871,997335,229233,0,0,0,32274,23287,0,0
930-985-5553,543683,400895,904905,0,0,0,38447,32070,0,0
931-8101-39392,162128,745044,689946,0,299117,0,0,23765,0,0
931-986-30296,223325,1261113,386619,0,0,0,0,48943,0,0
931-986-30298,249780,1148098,413394,0,23619,0,0,85109,0,0
932-987-4616,221910,949738,647959,0,0,0,36479,63914,0,0
934-989-4620,58262,1071059,707796,0,0,0,0,82883,0,0
934-989-5681,35327,806907,1005128,45902,0,0,0,26736,0,0
935-990-4621,140368,623910,1113226,0,0,0,0,42496,0,0
935-990-5112,20911,486529,1327360,34434,0,0,16850,33916,0,0
936-991-4628,162033,704477,619723,56821,193045,0,65362,75324,0,43215
936-991-4629,166397,853522,438616,53203,263907,0,46056,62833,0,35466
937-992-4630,250072,1179676,469793,0,133,0,0,20326,0,0
937-992-4631,90938,1181791,606970,0,0,0,0,40301,0,0
939-994-4634,131854,1319207,408960,0,0,0,0,59979,0,0
939-994-4635,166855,1264690,452347,0,0,0,0,36108,0,0
939-994-4637,21254,714564,1121060,0,0,0,0,40787,0,22335
939-994-4639,1035135,862588,3434,0,0,0,0,18843,0,0
94-94-425,316203,1070127,400992,0,0,0,0,132678,0,0
941-996-4649,632012,1137160,103982,0,0,0,0,46846,0,0
942-997-4654,218283,724124,842885,37290,0,0,0,97418,0,0
942-997-4656,174350,889383,671883,103240,0,0,56898,24246,0,0
942-997-4657,266866,846783,667176,0,0,0,58213,47433,0,33529
943-998-4659,135344,991471,739785,0,0,0,0,53400,0,0
943-998-4660,135338,993954,739785,0,0,0,0,50923,0,0
944-999-4672,169578,1037639,644358,0,0,0,0,68425,0,0
945-1000-4680,372130,744199,682189,0,0,0,0,121482,0,0
946-1001-4685,145168,1082044,624260,0,0,0,0,68528,0,0
946-1001-4690,340208,545504,999618,0,0,0,0,34670,0,0
948-1003-4698,704987,573710,594705,0,0,0,0,46598,0,0
949-1004-4699,31764,805224,1032112,15698,15818,0,0,19384,0,0
95-95-430,594348,592887,662595,23134,0,0,15379,31657,0,0
950-1005-4875,158625,601066,963954,121341,0,0,26934,48080,0,0
951-1006-4719,272666,376990,1157441,0,0,0,93782,19121,0,0
952-1007-4729,124188,605565,730290,0,387611,0,0,72346,0,0
952-1007-4730,545651,545549,308487,0,399397,0,0,49435,0,71481
953-1008-4736,375525,1268850,196783,0,0,0,0,78842,0,0
955-1010-4748,582173,928048,357890,0,0,0,0,51889,0,0
956-1011-4751,247605,666796,966317,0,0,0,0,39282,0,0
957-1012-4755,54313,1128519,663312,0,0,0,0,73856,0,0
958-1013-4760,178210,875233,821463,0,0,0,0,45094,0,0
959-1014-4766,305484,998358,551535,0,0,0,0,64623,0,0
96-96-455,328884,826520,628117,50169,0,0,16073,70237,0,0
960-1015-4769,168452,697597,786494,0,0,0,246,142017,125194,0
960-1015-4770,274240,685971,728203,0,0,0,116,126609,104861,0
961-1016-4781,191190,816873,609972,32120,198444,0,0,71401,0,0
961-1016-4783,68703,903507,810375,0,62144,0,0,75271,0,0
962-1017-4786,575476,785440,481540,0,0,0,0,77544,0,0
963-1018-4787,928300,862649,100806,0,0,0,0,28245,0,0
963-1018-4788,276824,1031965,539929,0,0,0,0,71282,0,0
963-1018-4789,421119,968934,464342,0,0,0,0,65605,0,0
964-1019-4794,290252,1008595,578497,26458,0,0,0,16198,0,0
965-1020-4798,252194,850167,474033,29452,172872,0,17035,124247,0,0
966-1021-4804,205891,542021,872227,0,220711,0,0,79150,0,0
966-1021-4805,276435,677686,688199,0,152594,0,0,125086,0,0
967-1022-4808,612073,953415,302614,0,0,0,0,51898,0,0
968-1023-4811,211315,1289411,361951,0,0,0,0,57323,0,0
969-1024-4822,160221,830700,825068,35368,0,0,28987,39656,0,0
969-1024-4826,560429,472996,737466,60341,0,0,61291,27477,0,0
969-1024-4827,84858,962046,670880,50823,0,0,112925,38468,0,0
97-97-440,147640,1009416,727232,0,0,0,10253,25459,0,0
970-1025-4820,399848,682259,713420,11858,0,0,33279,59339,0,19997
970-1025-7963,269175,752174,813985,0,0,0,0,84666,0,0
970-1025-7965,792995,513318,592823,0,0,0,0,20864,0,0
970-1025-7969,503326,717367,667602,0,0,0,0,31705,0,0
970-1025-7970,209326,717363,972425,0,0,0,0,20886,0,0
971-1026-4837,150727,981331,632878,17875,0,0,62200,74989,0,0
972-1027-4855,141002,844935,607950,8150,229614,0,0,88349,0,0
973-1028-4870,313486,619261,691633,0,263314,0,0,32306,0,0
975-1030-4887,413574,652583,827522,0,0,0,26321,0,0,0
975-1030-4888,295244,699248,879407,0,0,0,33293,12808,0,0
977-1032-4903,268072,1148550,380707,0,0,0,0,122671,0,0
977-1032-4904,264509,1062182,532033,0,0,0,0,61276,0,0
977-1032-7116,353823,1001849,416663,69734,0,0,0,77931,0,0
978-1033-4908,126547,1221319,532059,0,0,0,0,40075,0,0
98-98-454,320709,1065127,432588,7092,48755,0,0,45729,0,0
981-1036-4932,540369,1147853,176499,0,0,0,0,55279,0,0
981-1036-4933,330681,957994,564451,0,0,0,0,66874,0,0
982-1037-4947,281937,939248,555228,0,0,0,22066,121521,0,0
983-1038-6137,143999,900911,804274,0,0,0,0,70816,0,0
983-1038-6146,170117,854219,846237,30005,0,0,0,19422,0,0
984-1039-4952,424957,620973,855179,0,0,0,0,18891,0,0
985-1040-4958,918501,303802,685972,0,0,0,0,11725,0,0
985-1040-4959,112196,704983,1068723,0,0,0,0,34098,0,0
985-1040-4960,498615,520283,880439,0,0,0,0,20663,0,0
986-1041-4971,199170,729668,918135,39462,0,0,0,33565,0,0
988-1043-4976,268183,808417,773636,0,0,0,0,69764,0,0
989-1044-4981,132049,949492,766100,0,0,0,0,72359,0,0
99-99-445,53346,1071437,709987,0,0,0,0,42496,42734,0
99-99-449,202757,1002646,475852,0,0,0,27338,87928,123479,0
990-1045-4991,450004,1092275,343000,0,0,0,0,34721,0,0
990-1045-4993,166566,563907,1121979,0,0,0,0,67548,0,0
990-1045-4994,146775,931237,739649,0,0,0,0,102339,0,0
990-1045-4995,417809,1137827,275000,0,0,0,0,89364,0,0
991-1046-4997,331290,1008310,456620,0,0,0,51246,72534,0,0
991-1046-4999,362776,1034740,418030,0,0,0,0,104454,0,0
992-1047-5005,197651,1273582,339587,0,0,0,0,109180,0,0
993-1048-5029,324341,978965,486445,0,0,0,28460,101789,0,0
993-1048-5887,344551,706956,778930,35616,0,0,0,53947,0,0
994-1049-5034,21042,576229,1300159,0,0,0,0,22570,0,0
995-1050-5056,148929,878701,675253,34065,116119,0,0,50225,0,16708
995-1050-5057,191769,869327,633719,37189,114185,0,0,47327,0,26484
996-1051-5041,348371,1133574,335706,21157,0,0,0,54731,0,26461
997-1052-5042,113056,970786,724933,0,0,0,0,111225,0,0
998-1053-5046,170057,1018521,658557,0,0,0,0,72865,0,0
999-1054-5052,346825,848646,590391,0,0,0,91095,43043,0,0
999-1054-5053,434098,826988,502486,0,0,0,95872,60556,0,0
999-1054-5054,138185,811936,845658,0,0,0,81472,42749,0,0
